"","X","n_genes","n_counts","percent_mito","log10_n_counts","log_n_counts","norm_log_counts","log10_usable_counts","log_usable_counts","leiden","subtype"
"1","X1_AGAH468_T2D_Male_5",3315,168001,0,5.2253118,12.031726,7.343505,4.4145555,10.164889,1,"beta2"
"2","X2_AGAL381_T2D_Female_5",5671,381209,0,5.581163,12.851103,7.887977,5.006868,11.52874,1,"beta2"
"3","X3_AGAL381_T2D_Female_5",4084,508067,0,5.705921,13.138369,7.474837,4.9522014,11.402865,1,"beta2"
"4","X4_AGAL381_T2D_Female_5",6105,882075,0,5.9455056,13.690032,7.6475163,5.2667794,12.127209,1,"beta2"
"5","X5_AGAL381_T2D_Female_5",4178,286314,0,5.4568424,12.564844,7.9367766,4.903741,11.291281,1,"beta2"
"6","X6_AGAL381_T2D_Female_5",4302,473784,0,5.6755805,13.068506,7.7965536,5.0615807,11.65472,1,"beta2"
"7","X7_AGAL381_T2D_Female_5",3193,393795,0,5.59527,12.883585,8.119189,5.121389,11.792435,1,"beta2"
"8","X8_AGAL381_T2D_Female_5",9321,152379,0,5.182925,11.934127,7.9289927,4.626443,10.652779,1,"beta2"
"9","X9_AGAL381_T2D_Female_5",6004,768879,0,5.885858,13.552689,6.6906686,4.7915783,11.033017,1,"beta2"
"10","X10_AGJU173_T2D_Female_10",7359,2126012,0,6.3275657,14.569759,7.7809896,5.7068067,13.140408,0,"beta1"
"11","X11_AGJU173_T2D_Female_5",5455,2269160,0,6.355865,14.634921,6.769056,5.2956285,12.193636,1,"beta2"
"12","X12_AGJU173_T2D_Female_5",6039,1440245,0,6.1584363,14.180324,7.141471,5.259938,12.111455,1,"beta2"
"13","X13_AGJU173_T2D_Female_5",6844,1783614,0,6.251301,14.394153,6.9999743,5.2913513,12.183786,1,"beta2"
"14","X14_AGJU173_T2D_Female_5",7500,1785880,0,6.251852,14.395422,6.92174,5.2579255,12.106822,1,"beta2"
"15","X15_AGJU173_T2D_Female_5",3487,439055,0,5.642519,12.992379,6.294308,4.3761024,10.076347,1,"beta2"
"16","X16_AGJU173_T2D_Female_5",6068,640446,0,5.8064823,13.36992,7.360639,5.0031676,11.52022,1,"beta2"
"17","X17_AGJU173_T2D_Female_5",6220,1457083,0,6.163484,14.191947,7.453556,5.400522,12.435163,1,"beta2"
"18","X18_AGJU173_T2D_Female_10",6802,2313233,0,6.364219,14.654158,7.048611,5.425392,12.492428,0,"beta1"
"19","X19_AGJU173_T2D_Female_5",7158,1189630,0,6.075412,13.989153,7.5412,5.3505135,12.320013,0,"beta1"
"20","X20_H2280_ND_Female_1",8419,250016,0,5.397968,12.42928,7.81178,4.7905807,11.03072,0,"beta1"
"21","X21_R230_ND_Male_10",6174,2078953,0,6.317845,14.547376,7.010529,5.3624787,12.347564,1,"beta2"
"22","X22_R230_ND_Male_10",5921,1363657,0,6.134705,14.125681,7.8045855,5.524194,12.719926,0,"beta1"
"23","X23_R230_ND_Male_5",5246,874764,0,5.9418907,13.681709,6.9124837,4.9439445,11.383853,1,"beta2"
"24","X24_R230_ND_Male_1",3842,922182,0,5.9648166,13.734498,8.191888,5.522508,12.716045,0,"beta1"
"25","X25_R230_ND_Male_5",6882,1645251,0,6.2162323,14.313404,7.5983243,5.5161424,12.701387,1,"beta2"
"26","X26_R230_ND_Male_10",8598,1717256,0,6.234835,14.356238,7.637145,5.5516047,12.783043,1,"beta2"
"27","X27_R231_T2D_Female_1",2374,1544186,0,6.1886997,14.250008,7.069333,5.258872,12.109,1,"beta2"
"28","X28_R231_T2D_Female_1",9372,1511650,0,6.1794515,14.228713,7.35819,5.3750725,12.376562,1,"beta2"
"29","X29_R231_T2D_Female_1",6066,1561139,0,6.1934414,14.260927,7.564323,5.4785852,12.614909,1,"beta2"
"30","X30_R231_T2D_Female_10",7410,1492543,0,6.173927,14.215993,7.133362,5.271907,12.139013,1,"beta2"
"31","X31_R231_T2D_Female_1",4844,868420,0,5.93873,13.674431,7.793246,5.323293,12.257336,1,"beta2"
"32","X32_R231_T2D_Female_10",5197,1188255,0,6.0749097,13.987996,6.98109,5.1067586,11.758746,1,"beta2"
"33","X33_R231_T2D_Female_10",9115,1666499,0,6.221805,14.326236,7.5024724,5.4800873,12.618368,1,"beta2"
"34","X34_R231_T2D_Female_1",3757,552329,0,5.742198,13.221899,7.889706,5.1686535,11.901265,1,"beta2"
"35","X35_R231_T2D_Female_10",8063,1516179,0,6.1807504,14.231705,7.448899,5.4157662,12.470263,1,"beta2"
"36","X36_R231_T2D_Female_10",5335,1036851,0,6.0157166,13.851699,7.543659,5.291886,12.185018,1,"beta2"
"37","X37_R231_T2D_Female_5",5109,329378,0,5.5176945,12.704962,7.212593,4.650084,10.707213,1,"beta2"
"38","X38_R231_T2D_Female_10",6250,2170667,0,6.336593,14.590546,5.4998593,4.725152,10.880064,0,"beta1"
"39","X39_R231_T2D_Female_10",5279,1730149,0,6.2380834,14.363719,7.056866,5.3028417,12.210244,1,"beta2"
"40","X40_R233_ND_Female_5",6139,725936,0,5.8608985,13.495216,7.414976,5.0811815,11.699854,0,"beta1"
"41","X41_R233_ND_Female_1",3599,278622,0,5.4450154,12.537611,7.6742454,4.777898,11.001516,0,"beta1"
"42","X42_R233_ND_Female_10",6195,863415,0,5.9362197,13.668651,7.6824822,5.2726793,12.140793,0,"beta1"
"43","X43_R233_ND_Female_5",4045,641292,0,5.807056,13.37124,5.8015637,4.326643,9.962463,0,"beta1"
"44","X44_R233_ND_Female_1",5115,580689,0,5.7639437,13.27197,7.2652907,4.9192195,11.326921,0,"beta1"
"45","X45_R233_ND_Female_10",5262,558174,0,5.7467694,13.232426,7.4852843,4.997587,11.507371,0,"beta1"
"46","X46_R233_ND_Female_1",7053,611961,0,5.7867236,13.324424,7.3309593,4.970519,11.445044,1,"beta2"
"47","X47_R233_ND_Female_1",5074,714769,0,5.8541656,13.479714,7.3684645,5.0542493,11.637839,0,"beta1"
"48","X48_R233_ND_Female_10",5151,522567,0,5.718142,13.166508,7.466296,4.9607134,11.422464,0,"beta1"
"49","X49_R233_ND_Female_10",5428,686494,0,5.8366365,13.439352,7.1659627,4.948775,11.394975,0,"beta1"
"50","X50_R233_ND_Female_10",6637,788460,0,5.8967795,13.577837,7.360774,5.093523,11.7282715,0,"beta1"
"51","X51_R233_ND_Female_10",4279,385270,0,5.5857654,12.861699,7.354533,4.7797985,11.005893,0,"beta1"
"52","X52_R233_ND_Female_1",6686,769434,0,5.8861713,13.553411,6.0267897,4.503573,10.369859,0,"beta1"
"53","X53_R233_ND_Female_10",7119,778381,0,5.8911924,13.564972,7.3752832,5.094237,11.729915,0,"beta1"
"54","X54_R233_ND_Female_5",2866,498168,0,5.697376,13.118692,7.401624,4.9118605,11.309977,1,"beta2"
"55","X55_R233_ND_Female_1",4557,638254,0,5.8049936,13.366491,7.248164,4.9528313,11.404315,0,"beta1"
"56","X56_R233_ND_Female_10",4411,405863,0,5.6083794,12.913771,7.092854,4.688767,10.796285,0,"beta1"
"57","X57_R233_ND_Female_5",7776,708760,0,5.850499,13.4712715,6.624278,4.7273865,10.88521,1,"beta2"
"58","X58_R233_ND_Female_1",7181,694647,0,5.841764,13.451159,6.935108,4.8536434,11.175927,0,"beta1"
"59","X59_R233_ND_Female_5",7736,727576,0,5.8618784,13.497474,7.113541,4.95125,11.400675,0,"beta1"
"60","X60_R234_ND_Female_10",5005,498637,0,5.6977844,13.119634,7.02401,4.7482734,10.933304,0,"beta1"
"61","X61_R234_ND_Female_10",5407,881707,0,5.9453244,13.689615,7.4330444,5.1734543,11.912319,0,"beta1"
"62","X62_R234_ND_Female_10",4584,355093,0,5.550342,12.780135,7.628283,4.863263,11.198078,0,"beta1"
"63","X63_R234_ND_Female_10",5751,739397,0,5.868878,13.51359,7.278166,5.029745,11.581416,0,"beta1"
"64","X64_R234_ND_Female_10",6978,613765,0,5.788002,13.327367,7.051392,4.850383,11.168419,0,"beta1"
"65","X65_R234_ND_Female_10",3867,728273,0,5.862294,13.498431,7.3242,5.043154,11.612291,1,"beta2"
"66","X66_R234_ND_Female_5",4356,571113,0,5.756722,13.255342,7.0398293,4.814081,11.084831,0,"beta1"
"67","X67_R234_ND_Female_1",3407,629805,0,5.7992063,13.353165,7.2023087,4.927129,11.345134,1,"beta2"
"68","X68_R234_ND_Female_5",7696,957953,0,5.981344,13.772554,6.8022814,4.9355373,11.364495,0,"beta1"
"69","X69_R234_ND_Female_10",7519,552163,0,5.7420673,13.221598,7.115225,4.8321705,11.126483,1,"beta2"
"70","X70_R234_ND_Female_1",5941,1062782,0,6.026444,13.876401,7.119941,5.1185956,11.786002,1,"beta2"
"71","X71_R234_ND_Female_5",4297,696896,0,5.843168,13.4543915,7.3555384,5.0376377,11.599589,1,"beta2"
"72","X72_R235_ND_Female_5",5594,370613,0,5.5689206,12.822914,7.1058807,4.6549654,10.718453,0,"beta1"
"73","X73_R235_ND_Female_10",2623,236203,0,5.3732853,12.372447,6.749944,4.304749,9.912051,1,"beta2"
"74","X74_R235_ND_Female_10",4450,535659,0,5.7288885,13.191253,7.5896683,5.0250397,11.570581,0,"beta1"
"75","X75_R235_ND_Female_1",4866,367320,0,5.5650444,12.813989,6.921759,4.5711265,10.525407,1,"beta2"
"76","X76_R235_ND_Female_5",4749,236868,0,5.3745065,12.375258,6.682581,4.2767143,9.847499,0,"beta1"
"77","X77_R235_ND_Female_10",5265,422181,0,5.625499,12.953189,7.313218,4.801589,11.056067,1,"beta2"
"78","X78_R235_ND_Female_10",6535,287115,0,5.458056,12.567638,7.226049,4.596289,10.583346,0,"beta1"
"79","X79_R235_ND_Female_1",4950,471041,0,5.6730585,13.0627,6.6560173,4.5637302,10.508377,1,"beta2"
"80","X80_R235_ND_Female_10",3816,288289,0,5.459828,12.571719,6.617356,4.3337092,9.978734,1,"beta2"
"81","X81_R235_ND_Female_10",4371,209818,0,5.3218427,12.253996,7.212002,4.453975,10.255657,1,"beta2"
"82","X82_R235_ND_Female_10",3957,230714,0,5.363074,12.348934,6.833393,4.330779,9.971987,1,"beta2"
"83","X83_R235_ND_Female_10",3329,429190,0,5.6326494,12.969654,7.4181943,4.8543305,11.177508,0,"beta1"
"84","X84_R235_ND_Female_1",4560,464892,0,5.667352,13.04956,6.749055,4.598429,10.588274,1,"beta2"
"85","X85_R235_ND_Female_10",5242,594304,0,5.7740088,13.295146,7.4062114,4.990485,11.491017,0,"beta1"
"86","X86_R235_ND_Female_10",5508,541890,0,5.733911,13.202818,6.8079343,4.6905594,10.800412,1,"beta2"
"87","X87_R235_ND_Female_10",5210,272442,0,5.435274,12.515181,7.3986735,4.648477,10.703514,0,"beta1"
"88","X88_R235_ND_Female_10",4679,358904,0,5.5549784,12.790811,7.0084853,4.598725,10.588955,0,"beta1"
"89","X89_R235_ND_Female_1",5537,459169,0,5.6619725,13.037173,7.3838243,4.8687267,11.210657,0,"beta1"
"90","X90_R235_ND_Female_10",4316,216573,0,5.335604,12.285683,6.8019037,4.2896338,9.877246,1,"beta2"
"91","X91_R235_ND_Female_10",3393,234765,0,5.370633,12.366341,7.0976515,4.453104,10.253651,0,"beta1"
"92","X92_R235_ND_Female_10",5420,456271,0,5.659223,13.030842,7.065214,4.7276063,10.8857155,0,"beta1"
"93","X93_R235_ND_Female_1",4341,312100,0,5.4942937,12.651079,6.9138885,4.4969573,10.354627,1,"beta2"
"94","X94_R235_ND_Female_10",4425,487662,0,5.688119,13.097378,7.252895,4.8380113,11.139933,0,"beta1"
"95","X95_R235_ND_Female_10",4267,389330,0,5.5903177,12.872182,7.1437964,4.692829,10.805639,1,"beta2"
"96","X96_R235_ND_Female_1",5365,454776,0,5.6577973,13.02756,6.918133,4.6623044,10.7353525,1,"beta2"
"97","X97_R235_ND_Female_10",5256,325900,0,5.5130844,12.694345,7.0462756,4.573243,10.530281,1,"beta2"
"98","X98_R235_ND_Female_10",5215,502500,0,5.701136,13.127351,7.017631,4.7488546,10.934642,1,"beta2"
"99","X99_R235_ND_Female_10",4661,441475,0,5.644906,12.997876,6.6229496,4.5212164,10.410485,1,"beta2"
"100","X100_R235_ND_Female_10",4753,369312,0,5.5673933,12.819397,6.6290445,4.4463506,10.2381,1,"beta2"
"101","X101_R235_ND_Female_1",5303,344250,0,5.536874,12.749124,6.9471436,4.55398,10.485927,1,"beta2"
"102","X102_R235_ND_Female_1",4510,530372,0,5.724581,13.181334,6.441628,4.5221443,10.4126215,1,"beta2"
"103","X103_R235_ND_Female_5",2953,393793,0,5.5952682,12.88358,7.34171,4.783732,11.014951,1,"beta2"
"104","X104_R237_ND_Male_1",6715,885256,0,5.9470687,13.693632,7.16728,5.059779,11.650573,0,"beta1"
"105","X105_R237_ND_Male_10",7262,641575,0,5.8072476,13.371681,7.5240493,5.0749006,11.68539,0,"beta1"
"106","X106_R237_ND_Male_1",3476,361122,0,5.557654,12.796971,7.7015624,4.9024,11.288193,0,"beta1"
"107","X107_R237_ND_Male_10",5902,804867,0,5.905724,13.598433,7.043005,4.9644623,11.431097,0,"beta1"
"108","X108_R237_ND_Male_1",5489,657129,0,5.817651,13.395636,7.473547,5.0633707,11.658843,0,"beta1"
"109","X109_R237_ND_Male_10",8396,649367,0,5.81249,13.383753,7.32257,4.992642,11.495983,0,"beta1"
"110","X110_R237_ND_Male_5",5944,554589,0,5.7439713,13.225982,7.2917833,4.9107523,11.3074255,0,"beta1"
"111","X111_R237_ND_Male_1",6208,762564,0,5.8822765,13.544442,7.2202444,5.0179887,11.554346,1,"beta2"
"112","X112_R237_ND_Male_10",5726,781459,0,5.892906,13.568918,7.335285,5.07858,11.693863,0,"beta1"
"113","X113_R237_ND_Male_10",6294,967562,0,5.9856787,13.782535,7.5320616,5.2568116,12.104257,0,"beta1"
"114","X114_R239_ND_Female_10",7813,683470,0,5.8347197,13.4349375,7.0927873,4.9150777,11.317385,0,"beta1"
"115","X115_R239_ND_Female_10",7246,476926,0,5.678451,13.075116,7.093546,4.759139,10.958323,0,"beta1"
"116","X116_R239_ND_Female_5",5721,210332,0,5.3229055,12.256442,7.333899,4.5079775,10.380001,0,"beta1"
"117","X117_R239_ND_Female_10",5231,455209,0,5.6582108,13.028511,6.790762,4.6074014,10.608933,0,"beta1"
"118","X118_R239_ND_Female_10",5728,416091,0,5.6191883,12.938659,7.06166,4.686028,10.789979,1,"beta2"
"119","X119_R239_ND_Female_5",5016,700153,0,5.845193,13.459054,6.81683,4.8057046,11.065544,0,"beta1"
"120","X120_R239_ND_Female_10",6452,755372,0,5.878161,13.5349655,7.045665,4.938054,11.37029,0,"beta1"
"121","X121_R239_ND_Female_1",4813,360489,0,5.556892,12.795217,7.120478,4.6492763,10.705354,0,"beta1"
"122","X122_R239_ND_Female_10",5015,500593,0,5.699485,13.1235485,7.1378407,4.7994094,11.051048,0,"beta1"
"123","X123_R239_ND_Female_10",5469,535866,0,5.7290564,13.191639,6.9630127,4.753054,10.944312,0,"beta1"
"124","X124_R239_ND_Female_1",5626,571176,0,5.75677,13.255452,6.819678,4.7185183,10.86479,0,"beta1"
"125","X125_R239_ND_Female_10",6179,736765,0,5.867329,13.510024,6.6860495,4.7710433,10.985733,0,"beta1"
"126","X126_R239_ND_Female_10",5762,576340,0,5.760679,13.264453,7.030381,4.8139343,11.084494,0,"beta1"
"127","X127_R239_ND_Female_10",5533,687490,0,5.8372664,13.440803,6.998667,4.876749,11.229129,0,"beta1"
"128","X128_R239_ND_Female_1",5733,562669,0,5.750253,13.240446,6.8618436,4.730314,10.891951,0,"beta1"
"129","X129_R240_T2D_Female_5",3043,472376,0,5.674288,13.06553,8.084231,5.1852245,11.939422,1,"beta2"
"130","X130_R240_T2D_Female_10",6252,1072139,0,6.030251,13.885166,7.5625563,5.3146276,12.237382,0,"beta1"
"131","X131_R240_T2D_Female_1",4579,1014764,0,6.006365,13.830167,7.2944093,5.174287,11.914236,0,"beta1"
"132","X132_R240_T2D_Female_5",5188,1413661,0,6.1503453,14.161694,7.200612,5.277531,12.151965,0,"beta1"
"133","X133_R240_T2D_Female_10",5913,1538915,0,6.187215,14.246589,7.6582913,5.5131683,12.694539,0,"beta1"
"134","X134_R240_T2D_Female_1",6845,1063311,0,6.0266604,13.876898,7.5418224,5.302032,12.20838,0,"beta1"
"135","X135_R240_T2D_Female_10",5500,665846,0,5.823374,13.408813,7.48796,5.0753536,11.686434,0,"beta1"
"136","X136_R240_T2D_Female_10",5560,929164,0,5.9680924,13.742041,7.47135,5.2128587,12.003051,0,"beta1"
"137","X137_R240_T2D_Female_5",4475,1085151,0,6.03549,13.89723,7.348027,5.226698,12.034917,0,"beta1"
"138","X138_R240_T2D_Female_1",4816,1182197,0,6.07269,13.982885,7.6982894,5.4160147,12.470834,1,"beta2"
"139","X139_R240_T2D_Female_5",5195,1131731,0,6.0537434,13.939259,7.2915893,5.2204404,12.020509,1,"beta2"
"140","X140_R240_T2D_Female_10",5501,1252192,0,6.097671,14.040406,7.2185163,5.2326326,12.048583,1,"beta2"
"141","X141_R240_T2D_Female_10",4817,902716,0,5.955551,13.713163,6.841163,4.9266305,11.343986,1,"beta2"
"142","X142_R240_T2D_Female_5",6132,1413204,0,6.1502047,14.16137,7.183096,5.2697835,12.134126,0,"beta1"
"143","X143_R240_T2D_Female_10",6167,952575,0,5.978899,13.766924,7.0719447,5.0502057,11.628529,0,"beta1"
"144","X144_R240_T2D_Female_10",6424,647457,0,5.811211,13.380807,7.4913177,5.064649,11.661785,1,"beta2"
"145","X145_R240_T2D_Female_5",3350,1129155,0,6.0527534,13.93698,7.690451,5.392674,12.417091,1,"beta2"
"146","X146_R240_T2D_Female_10",5011,1277028,0,6.1062,14.060046,6.7877355,5.0540767,11.637442,1,"beta2"
"147","X147_R240_T2D_Female_1",5617,797390,0,5.901671,13.589099,7.239634,5.045804,11.618394,1,"beta2"
"148","X148_R240_T2D_Female_10",2008,1229032,0,6.0895634,14.021737,7.2585125,5.241895,12.06991,1,"beta2"
"149","X149_R240_T2D_Female_1",6596,1151670,0,6.061328,13.956723,7.2213116,5.197504,11.967695,0,"beta1"
"150","X150_R240_T2D_Female_5",6220,1017533,0,6.0075483,13.832891,7.077401,5.081225,11.699953,1,"beta2"
"151","X151_R240_T2D_Female_10",4384,746340,0,5.8729367,13.522937,7.5101566,5.1345563,11.822754,1,"beta2"
"152","X152_R240_T2D_Female_1",8135,1502087,0,6.176695,14.222366,7.4315786,5.4041886,12.443604,0,"beta1"
"153","X153_R240_T2D_Female_1",3644,245691,0,5.3903894,12.41183,8.398219,5.037689,11.599709,1,"beta2"
"154","X154_R240_T2D_Female_1",4733,1536682,0,6.186584,14.245136,7.4214287,5.4096694,12.456224,1,"beta2"
"155","X155_R240_T2D_Female_5",5527,1060002,0,6.0253067,13.873781,7.4378543,5.2555256,12.101295,0,"beta1"
"156","X156_R240_T2D_Female_10",5766,935002,0,5.970813,13.748304,6.9329624,4.9817595,11.470926,1,"beta2"
"157","X157_R240_T2D_Female_1",6507,1571746,0,6.1963825,14.267698,7.448268,5.431124,12.505626,0,"beta1"
"158","X158_R240_T2D_Female_1",7604,1464210,0,6.165603,14.196827,6.659553,5.057811,11.64604,1,"beta2"
"159","X159_R240_T2D_Female_5",5832,1127723,0,6.052202,13.935711,7.1040864,5.137468,11.829458,1,"beta2"
"160","X160_R242_ND_Male_1",5966,1200835,0,6.0794835,13.998528,7.798945,5.466522,12.587132,0,"beta1"
"161","X161_R242_ND_Male_5",8154,536131,0,5.729271,13.192133,7.787308,5.1112556,11.769102,0,"beta1"
"162","X162_R242_ND_Male_5",1924,688307,0,5.8377824,13.44199,8.2662525,5.42777,12.497902,1,"beta2"
"163","X163_R242_ND_Male_1",2296,353822,0,5.5487847,12.776549,7.311782,4.7242513,10.877991,0,"beta1"
"164","X164_R243_ND_Male_10",6532,661172,0,5.8203144,13.401769,6.583268,4.6793914,10.774697,1,"beta2"
"165","X165_R243_ND_Male_5",6061,419000,0,5.622214,12.945625,7.890915,5.049195,11.626201,0,"beta1"
"166","X166_R243_ND_Male_10",6829,1088144,0,6.0366864,13.899984,7.78575,5.4179945,12.475393,0,"beta1"
"167","X167_R243_ND_Male_10",5718,891035,0,5.949895,13.700139,7.0672584,5.019166,11.557057,0,"beta1"
"168","X168_R243_ND_Male_5",6023,1046031,0,6.0195446,13.860514,7.768059,5.39317,12.418232,0,"beta1"
"169","X169_R243_ND_Male_10",6788,1315088,0,6.1189547,14.089415,6.7388062,5.0455813,11.617881,0,"beta1"
"170","X170_R243_ND_Male_1",5549,695898,0,5.8425455,13.452958,7.6614165,5.1698565,11.904036,0,"beta1"
"171","X171_R243_ND_Male_10",6414,731321,0,5.864108,13.502607,7.0318556,4.918004,11.324123,0,"beta1"
"172","X172_R243_ND_Male_1",7852,1435278,0,6.156936,14.176869,7.961626,5.6146264,12.928154,0,"beta1"
"173","X173_R244_T2D_Female_1",6754,1312039,0,6.1179466,14.087093,7.7149124,5.4684906,12.591665,1,"beta2"
"174","X174_R244_T2D_Female_10",7760,954855,0,5.9799376,13.769315,7.7565,5.348542,12.315474,0,"beta1"
"175","X175_R244_T2D_Female_5",4501,833579,0,5.9209466,13.633484,7.98221,5.3875766,12.405354,1,"beta2"
"176","X176_R244_T2D_Female_1",6983,584621,0,5.7668743,13.278719,7.5886126,5.0625668,11.656992,1,"beta2"
"177","X177_R244_T2D_Female_10",8105,1154282,0,6.062312,13.958989,7.2977834,5.231699,12.0464325,1,"beta2"
"178","X178_R244_T2D_Female_10",5242,340684,0,5.532352,12.73871,7.2321672,4.673242,10.760538,1,"beta2"
"179","X179_R244_T2D_Female_10",7282,2317713,0,6.36506,14.656092,7.6536098,5.68898,13.09936,1,"beta2"
"180","X180_R246_ND_Female_10",5769,1270123,0,6.1038456,14.054625,7.3513393,5.296492,12.195623,1,"beta2"
"181","X181_R246_ND_Female_10",6676,1491472,0,6.173615,14.215275,7.5657787,5.459391,12.570712,0,"beta1"
"182","X182_R246_ND_Female_5",6205,986142,0,5.9939394,13.801556,7.43288,5.221998,12.024096,1,"beta2"
"183","X183_R247_ND_Male_5",5669,516783,0,5.7133083,13.155378,7.0667152,4.782344,11.011753,1,"beta2"
"184","X184_R247_ND_Male_10",5616,1023358,0,6.0100274,13.8386,6.0664086,4.6446357,10.694668,1,"beta2"
"185","X185_R247_ND_Male_1",4488,592948,0,5.7730165,13.292862,6.9951186,4.810958,11.077641,0,"beta1"
"186","X186_R252_ND_Female_10",5772,800021,0,5.9031014,13.592393,7.4543033,5.140464,11.836356,0,"beta1"
"187","X187_R252_ND_Female_5",6673,886488,0,5.947673,13.695023,7.515669,5.2116866,12.000352,0,"beta1"
"188","X188_R252_ND_Female_10",5333,570725,0,5.756427,13.2546625,7.3252635,4.9377484,11.369586,1,"beta2"
"189","X189_R252_ND_Female_5",6430,379758,0,5.579507,12.847289,7.7063737,4.9263425,11.343323,1,"beta2"
"190","X190_R252_ND_Female_10",6278,502731,0,5.701336,13.1278105,7.2501583,4.8500395,11.167628,0,"beta1"
"191","X191_R252_ND_Female_10",5887,580026,0,5.7634473,13.270828,7.4445467,4.996573,11.505035,0,"beta1"
"192","X192_R252_ND_Female_10",2825,887217,0,5.94803,13.695845,7.3618627,5.145246,11.847367,1,"beta2"
"193","X193_R252_ND_Female_10",6733,696354,0,5.84283,13.453613,7.4148345,5.0630517,11.658108,0,"beta1"
"194","X194_R252_ND_Female_10",6724,694133,0,5.8414426,13.450418,7.44936,5.0766587,11.689439,0,"beta1"
"195","X195_R252_ND_Female_10",7458,791071,0,5.8982153,13.581143,7.255282,5.0491443,11.626085,0,"beta1"
"196","X196_R252_ND_Female_10",6940,850704,0,5.9297786,13.65382,7.608795,5.2342362,12.052275,0,"beta1"
"197","X197_R252_ND_Female_10",6826,452562,0,5.6556783,13.022679,5.12986,3.8835478,8.9422,0,"beta1"
"198","X198_R252_ND_Female_1",3587,636527,0,5.803817,13.363782,7.3623695,5.001253,11.515812,1,"beta2"
"199","X199_R252_ND_Female_10",5183,1147344,0,6.059694,13.95296,6.9992723,5.0994387,11.741893,1,"beta2"
"200","X200_R252_ND_Female_10",6591,838150,0,5.9233217,13.638952,7.71558,5.2741556,12.144192,0,"beta1"
"201","X201_R253_ND_Male_1",5718,534335,0,5.7278137,13.188778,7.453646,4.964891,11.432084,1,"beta2"
"202","X202_R253_ND_Male_10",6259,624612,0,5.7956104,13.344886,7.127544,4.891063,11.26209,1,"beta2"
"203","X203_R253_ND_Male_10",6531,418394,0,5.6215854,12.944179,7.8064394,5.011879,11.540278,0,"beta1"
"204","X204_R253_ND_Male_5",6021,463451,0,5.6660037,13.046455,7.7058153,5.0125966,11.541931,0,"beta1"
"205","X205_R253_ND_Male_10",5961,348740,0,5.542502,12.762082,7.673555,4.8750844,11.225297,1,"beta2"
"206","X206_R253_ND_Male_5",5191,414717,0,5.617752,12.935351,7.3834887,4.8243604,11.1085,1,"beta2"
"207","X207_R256_ND_Male_10",7021,555910,0,5.7450047,13.228361,7.8746204,5.164909,11.892642,0,"beta1"
"208","X208_R256_ND_Male_5",7450,637814,0,5.804694,13.365802,7.704035,5.150514,11.859497,1,"beta2"
"209","X209_R256_ND_Male_10",5342,444766,0,5.6481314,13.005303,8.016325,5.129577,11.811288,0,"beta1"
"210","X210_R256_ND_Male_5",6851,668129,0,5.82486,13.412236,7.6699686,5.155885,11.871865,1,"beta2"
"211","X211_R256_ND_Male_10",6196,540871,0,5.7330937,13.200935,7.678718,5.0679183,11.669314,1,"beta2"
"212","X212_R256_ND_Male_10",7485,1054105,0,6.022884,13.868202,7.5371747,5.2962375,12.195037,0,"beta1"
"213","X213_R256_ND_Male_10",8929,525976,0,5.720966,13.173011,7.643363,5.0404363,11.606033,0,"beta1"
"214","X214_R256_ND_Male_10",6962,846918,0,5.927841,13.649359,7.5154595,5.191764,11.954478,0,"beta1"
"215","X215_R256_ND_Male_10",5673,1185851,0,6.07403,13.985971,7.6225324,5.384454,12.398163,1,"beta2"
"216","X216_R256_ND_Male_1",7405,1517133,0,6.1810236,14.232333,7.326829,5.363025,12.348822,1,"beta2"
"217","X217_R260_ND_Female_10",5447,406258,0,5.608802,12.914743,7.1222515,4.7019563,10.826654,1,"beta2"
"218","X218_R260_ND_Female_10",6615,288986,0,5.460877,12.574134,7.649758,4.7831244,11.013551,0,"beta1"
"219","X219_R260_ND_Female_10",3818,337947,0,5.5288486,12.730644,7.463445,4.7701817,10.983749,1,"beta2"
"220","X220_R260_ND_Female_10",5253,214825,0,5.3320847,12.277579,7.283783,4.495392,10.351022,1,"beta2"
"221","X221_R260_ND_Female_10",6015,590850,0,5.771477,13.289317,7.431295,4.9988475,11.510272,0,"beta1"
"222","X222_R260_ND_Female_5",4841,323891,0,5.510399,12.688163,6.71658,4.4273725,10.194402,1,"beta2"
"223","X223_R260_ND_Female_10",6258,613975,0,5.788151,13.327709,7.5392756,5.0624166,11.656645,1,"beta2"
"224","X224_R260_ND_Female_5",6218,514796,0,5.711635,13.1515255,7.2869735,4.8763275,11.228159,1,"beta2"
"225","X225_R260_ND_Female_10",4712,237205,0,5.375124,12.37668,6.9320154,4.3856597,10.098354,0,"beta1"
"226","X226_R260_ND_Female_10",5575,299045,0,5.4757366,12.60835,7.780506,4.8547673,11.178515,1,"beta2"
"227","X227_R260_ND_Female_10",5430,481246,0,5.6823673,13.084133,7.146768,4.786169,11.020562,1,"beta2"
"228","X228_R260_ND_Female_10",7436,866876,0,5.937957,13.672651,7.728105,5.2942305,12.190415,0,"beta1"
"229","X229_R262_T2D_Female_10",4106,487444,0,5.687925,13.0969305,7.788879,5.070592,11.67547,1,"beta2"
"230","X230_R262_T2D_Female_5",6535,707157,0,5.849516,13.4690075,7.062359,4.9166594,11.321026,1,"beta2"
"231","X231_R263_T2D_Male_5",4912,595555,0,5.774922,13.297249,7.7133813,5.1248007,11.80029,1,"beta2"
"232","X232_R263_T2D_Male_10",5156,399529,0,5.601548,12.898041,7.866913,5.018105,11.554615,1,"beta2"
"233","X233_R263_T2D_Male_5",7570,594816,0,5.7743826,13.296007,7.912914,5.2109175,11.998582,1,"beta2"
"234","X234_R263_T2D_Male_1",5893,695802,0,5.842486,13.45282,7.8138504,5.2359977,12.056331,1,"beta2"
"235","X235_R263_T2D_Male_10",7440,722505,0,5.858841,13.490479,7.8740506,5.2784977,12.15419,1,"beta2"
"236","X236_R263_T2D_Male_10",7319,817529,0,5.9125032,13.614041,7.4777694,5.160057,11.881472,1,"beta2"
"237","X237_R263_T2D_Male_10",6955,685633,0,5.8360915,13.438097,7.9146457,5.273379,12.142403,1,"beta2"
"238","X238_R263_T2D_Male_10",7145,458467,0,5.6613083,13.035644,7.6799126,4.9966516,11.505217,1,"beta2"
"239","X239_R263_T2D_Male_5",7124,683542,0,5.8347654,13.435043,7.929708,5.2785935,12.154411,1,"beta2"
"240","X240_R263_T2D_Male_1",7352,686014,0,5.836333,13.438653,7.7357326,5.195919,11.9640465,1,"beta2"
"241","X241_R264_ND_Male_10",5991,509863,0,5.7074537,13.141897,7.7677402,5.0809402,11.699298,1,"beta2"
"242","X242_R264_ND_Male_10",5937,459673,0,5.662449,13.03827,7.6822214,4.9987955,11.510152,1,"beta2"
"243","X243_R264_ND_Male_10",5690,509627,0,5.7072525,13.141434,7.651479,5.0302477,11.582573,1,"beta2"
"244","X244_R264_ND_Male_10",6067,682270,0,5.8339562,13.43318,7.7394266,5.1951466,11.962268,0,"beta1"
"245","X245_R264_ND_Male_10",6563,591246,0,5.771768,13.289987,7.9969034,5.244779,12.0765505,0,"beta1"
"246","X246_R264_ND_Male_10",7347,582011,0,5.764931,13.274244,4.8660607,3.8782344,8.929965,0,"beta1"
"247","X247_R264_ND_Male_5",5972,317822,0,5.502184,12.669247,7.463988,4.7437525,10.9228945,0,"beta1"
"248","X248_R264_ND_Male_10",3686,390920,0,5.5920877,12.876258,8.259435,5.179115,11.925353,1,"beta2"
"249","X249_R269_ND_Male_10",4240,785855,0,5.8953424,13.574528,7.6572413,5.22084,12.021429,0,"beta1"
"250","X250_R269_ND_Male_10",4207,1197503,0,6.0782766,13.995749,7.8645706,5.4938164,12.64998,0,"beta1"
"251","X251_R269_ND_Male_10",3502,727675,0,5.8619375,13.497609,7.9564023,5.317359,12.243671,0,"beta1"
"252","X252_R269_ND_Male_10",4190,1069093,0,6.0290155,13.882321,7.748598,5.394189,12.420579,0,"beta1"
"253","X253_R269_ND_Male_10",3243,333660,0,5.523304,12.717877,7.978017,4.988113,11.485555,1,"beta2"
"254","X254_R269_ND_Male_10",2670,540300,0,5.732635,13.19988,8.03942,5.2241106,12.02896,1,"beta2"
"255","X255_R269_ND_Male_10",4117,361752,0,5.558411,12.798715,7.916308,4.99642,11.504682,0,"beta1"
"256","X256_R269_ND_Male_5",2441,336096,0,5.5264635,12.725152,7.5924287,4.823813,11.107241,0,"beta1"
"257","X257_R269_ND_Male_10",4848,638905,0,5.805436,13.367511,7.5651402,5.0909348,11.722311,0,"beta1"
"258","X258_R269_ND_Male_10",1780,361817,0,5.558489,12.798894,7.9758253,5.022346,11.56438,1,"beta2"
"259","X259_R269_ND_Male_10",4742,712191,0,5.8525963,13.476101,7.7775397,5.230339,12.043302,0,"beta1"
"260","X260_R269_ND_Male_10",4393,894012,0,5.9513435,13.703474,7.9873834,5.42022,12.480517,1,"beta2"
"261","X261_R269_ND_Male_10",4078,575162,0,5.7597904,13.262406,7.871597,5.178381,11.923664,1,"beta2"
"262","X262_R269_ND_Male_10",3574,965568,0,5.9847827,13.780472,7.8910174,5.411808,12.461149,1,"beta2"
"263","X263_R269_ND_Male_5",3437,377311,0,5.5766993,12.840825,8.00426,5.0529056,11.634746,0,"beta1"
"264","X264_R269_ND_Male_10",3631,524833,0,5.7200212,13.170835,7.932803,5.165194,11.893299,1,"beta2"
"265","X265_R269_ND_Male_10",1356,176916,0,5.247767,12.083431,7.272127,4.406012,10.145217,0,"beta1"
"266","X266_R269_ND_Male_10",4285,939137,0,5.9727287,13.752717,7.869376,5.3903556,12.411753,0,"beta1"
"267","X267_R269_ND_Male_10",4064,757047,0,5.8791227,13.537181,7.623843,5.190116,11.950684,0,"beta1"
"268","X268_R269_ND_Male_10",4716,646132,0,5.8103213,13.378758,7.7461514,5.174432,11.914571,0,"beta1"
"269","X269_R269_ND_Male_1",4374,741629,0,5.870187,13.516604,7.8637667,5.285377,12.170031,0,"beta1"
"270","X270_R269_ND_Male_10",3375,649479,0,5.8125653,13.383925,7.747169,5.177118,11.920755,1,"beta2"
"271","X271_R269_ND_Male_10",4715,378016,0,5.5775104,12.842691,7.6198454,4.886767,11.252197,0,"beta1"
"272","X272_R269_ND_Male_10",3675,649184,0,5.812368,13.3834715,7.766551,5.185338,11.939683,0,"beta1"
"273","X273_R269_ND_Male_1",3401,458880,0,5.6616993,13.036544,8.360034,5.2924156,12.186237,0,"beta1"
"274","X274_R269_ND_Male_1",4077,678516,0,5.83156,13.427663,7.8891006,5.257753,12.106424,1,"beta2"
"275","X275_R269_ND_Male_10",3328,458125,0,5.660984,13.034897,8.054628,5.159065,11.879186,1,"beta2"
"276","X276_R269_ND_Male_10",4558,648155,0,5.811679,13.381885,7.763664,5.183395,11.935209,0,"beta1"
"277","X277_R269_ND_Male_10",1842,32558,0,4.5126576,10.390778,8.211974,4.0790725,9.392412,1,"beta2"
"278","X278_R269_ND_Male_1",4166,631359,0,5.8002763,13.35563,7.4497967,5.0356817,11.595086,0,"beta1"
"279","X279_R269_ND_Male_1",3737,758940,0,5.8802075,13.539678,7.526014,5.1487136,11.855351,0,"beta1"
"280","X280_R269_ND_Male_10",3855,679385,0,5.832116,13.428943,7.86219,5.2466216,12.080793,0,"beta1"
"281","X281_R269_ND_Male_10",3865,763774,0,5.882965,13.546027,8.021427,5.3666267,12.357114,1,"beta2"
"282","X282_R269_ND_Male_10",2755,759674,0,5.880627,13.540645,8.0647135,5.383088,12.395018,0,"beta1"
"283","X283_R269_ND_Male_10",4001,203845,0,5.3093,12.225115,8.509901,5.005103,11.524676,1,"beta2"
"284","X284_R269_ND_Male_5",4464,823542,0,5.9156857,13.62137,7.9328947,5.360898,12.3439245,0,"beta1"
"285","X285_R269_ND_Male_1",4156,661610,0,5.820602,13.4024315,7.7317576,5.178462,11.923849,1,"beta2"
"286","X286_R269_ND_Male_10",4878,682508,0,5.834108,13.433529,7.8959794,5.263288,12.119169,0,"beta1"
"287","X287_R269_ND_Male_10",5000,809917,0,5.9084406,13.604687,7.729762,5.2654333,12.124109,0,"beta1"
"288","X288_R269_ND_Male_10",4732,907921,0,5.958048,13.718913,7.8836975,5.3818946,12.39227,0,"beta1"
"289","X289_R269_ND_Male_10",4517,945503,0,5.9756627,13.759473,7.3468766,5.166371,11.896009,0,"beta1"
"290","X290_R269_ND_Male_5",5107,819128,0,5.913352,13.615995,7.785791,5.2946777,12.191446,0,"beta1"
"291","X291_R269_ND_Male_5",4594,496764,0,5.6961503,13.1158695,7.587458,4.991341,11.492989,1,"beta2"
"292","X292_R269_ND_Male_5",5196,1071952,0,6.030175,13.884992,7.911804,5.4662285,12.586456,0,"beta1"
"293","X293_R269_ND_Male_5",5557,977728,0,5.990218,13.792987,8.139084,5.524977,12.72173,1,"beta2"
"294","X294_R269_ND_Male_5",3926,760246,0,5.8809543,13.541397,7.8094206,5.2725425,12.140477,0,"beta1"
"295","X295_R308_ND_Male_5",12443,873051,0,5.9410396,13.6797495,7.8199797,5.3372135,12.289389,0,"beta1"
"296","X296_R335_ND_Male_5",7116,766271,0,5.8843822,13.549292,7.748,5.249296,12.086951,0,"beta1"
"297","X297_R336_ND_Female_5",6318,474362,0,5.67611,13.069726,7.9950566,5.148319,11.854443,1,"beta2"
"298","X298_R341_ND_Male_5",6689,2114341,0,6.325175,14.564254,7.0747867,5.397716,12.4287,1,"beta2"
"299","X299_R342_ND_Male_5",9421,485259,0,5.6859736,13.092438,8.082444,5.1961346,11.964542,0,"beta1"
"300","X300_R342_ND_Male_5",5992,229183,0,5.3601823,12.342277,7.588508,4.65583,10.720444,0,"beta1"
"301","X301_R342_ND_Male_5",9711,403856,0,5.6062264,12.908813,7.7458735,4.9702168,11.444347,0,"beta1"
"302","X302_R342_ND_Male_5",4990,336259,0,5.526674,12.725637,7.883082,4.950253,11.398378,1,"beta2"
"303","X303_R342_ND_Male_5",5689,498526,0,5.6976876,13.1194105,7.6917834,5.038187,11.600855,1,"beta2"
"304","X304_R346_ND_Male_5",7344,663448,0,5.821807,13.405206,7.809024,5.213223,12.00389,1,"beta2"
"305","X305_R346_ND_Male_10",5236,596748,0,5.775791,13.29925,5.7373724,4.2675004,9.8262825,0,"beta1"
"306","X306_R346_ND_Male_5",10120,658513,0,5.8185644,13.397739,7.92068,5.258472,12.10808,0,"beta1"
"307","X307_R346_ND_Male_1",8227,741530,0,5.8701286,13.516471,7.301732,5.0412307,11.607863,0,"beta1"
"308","X308_R347_T2D_Male_5",4417,198645,0,5.2980776,12.199275,7.702579,4.6432652,10.691512,1,"beta2"
"309","X309_R347_T2D_Male_5",6642,365994,0,5.563474,12.810372,7.8175273,4.958583,11.41756,1,"beta2"
"310","X310_R347_T2D_Male_5",4467,281304,0,5.449176,12.547192,5.8351645,3.9833555,9.172016,1,"beta2"
"311","X311_R347_T2D_Male_5",4964,420190,0,5.6234455,12.948462,7.148717,4.728094,10.886839,1,"beta2"
"312","X312_R347_T2D_Male_5",5562,556058,0,5.74512,13.228627,7.534445,5.017288,11.552733,1,"beta2"
"313","X313_R347_T2D_Male_5",4085,332144,0,5.5213265,12.713324,7.317075,4.6990914,10.820058,1,"beta2"
"314","X314_R349_T2D_Male_5",5838,868218,0,5.9386287,13.674198,7.775751,5.3155947,12.239609,1,"beta2"
"315","X315_R352_ND_Female_5",11964,1221148,0,6.086768,14.015302,7.071648,5.157946,11.876611,0,"beta1"
"316","X316_R353_ND_Male_5",7166,92248,0,4.9649568,11.432236,7.411291,4.18364,9.633187,0,"beta1"
