"","name","variability","bootstrap_lower_bound","bootstrap_upper_bound","p_value","p_value_adj"
"MA0030.1_FOXF2","FOXF2",1.19960151042508,1.19274567753646,1.20621069952159,0,0
"MA0031.1_FOXD1","FOXD1",1.24734868356105,1.23971821051205,1.25504522006613,0,0
"MA0051.1_IRF2","IRF2",1.08056146055843,1.07430282189372,1.086728806465,2.42493816094159e-183,3.42630771400899e-183
"MA0057.1_MZF1(var.2)","MZF1(var.2)",1.25502517804646,1.24705450642932,1.26280354911822,0,0
"MA0059.1_MAX::MYC","MAX::MYC",1.14617519468832,1.13972616039684,1.15269526513474,0,0
"MA0066.1_PPARG","PPARG",1.02093776007532,1.01537603580981,1.02661638955579,1.8593248433453e-14,1.9747527279154e-14
"MA0069.1_PAX6","PAX6",1.2656657298679,1.25887109652549,1.27303051355267,0,0
"MA0070.1_PBX1","PBX1",1.62783258185046,1.61837815060268,1.63746257590598,0,0
"MA0071.1_RORA","RORA",1.13113543481369,1.1246022714287,1.13728899380888,0,0
"MA0072.1_RORA(var.2)","RORA(var.2)",1.02745343865176,1.02156074780654,1.0334228122361,1.78583565190364e-23,1.94566947961275e-23
"MA0073.1_RREB1","RREB1",1.34622148587682,1.33858414546879,1.35354689162652,0,0
"MA0074.1_RXRA::VDR","RXRA::VDR",1.07728560636055,1.07177416265952,1.08289196045374,4.33039007489242e-169,5.98501510350852e-169
"MA0077.1_SOX9","SOX9",2.29283817214111,2.26266291405047,2.32457013167693,0,0
"MA0084.1_SRY","SRY",1.30962741308424,1.29781924081857,1.32122631908361,0,0
"MA0091.1_TAL1::TCF3","TAL1::TCF3",3.3714890584008,3.35083150186081,3.39287003659597,0,0
"MA0101.1_REL","REL",1.18081418738258,1.17246042920132,1.1893314151836,0,0
"MA0107.1_RELA","RELA",1.18337058265327,1.173660332965,1.19328650277077,0,0
"MA0115.1_NR1H2::RXRA","NR1H2::RXRA",1.63094072413297,1.62123401105061,1.64067456661921,0,0
"MA0119.1_NFIC::TLX1","NFIC::TLX1",1.15902411941191,1.15211848135503,1.16557924862434,0,0
"MA0130.1_ZNF354C","ZNF354C",1.16008579386377,1.15385993779699,1.16642392847558,0,0
"MA0139.1_CTCF","CTCF",1.98329314843303,1.97176319612733,1.99495418858524,0,0
"MA0149.1_EWSR1-FLI1","EWSR1-FLI1",1.2279398303551,1.21384614181492,1.24185077442531,0,0
"MA0138.2_REST","REST",1.02082869102748,1.01497513148333,1.02642693594704,2.51417142003536e-14,2.66577974687167e-14
"MA0152.1_NFATC2","NFATC2",1.07550782116851,1.06950212535585,1.0812850949209,1.35640780233789e-161,1.85444090470817e-161
"MA0155.1_INSM1","INSM1",1.19539487719119,1.18893155204269,1.20224985808668,0,0
"MA0159.1_RARA::RXRA","RARA::RXRA",1.41088879438603,1.40286595522114,1.41914170084759,0,0
"MA0160.1_NR4A2","NR4A2",1.33435027144277,1.32600268938244,1.34195643210393,0,0
"MA0163.1_PLAG1","PLAG1",0.959086373283657,0.953666007850294,0.964646126812846,1,1
"MA0259.1_ARNT::HIF1A","ARNT::HIF1A",1.03883574289604,1.03330461454234,1.04466460530919,7.80651432972999e-45,8.8876323214372e-45
"MA0468.1_DUX4","DUX4",1.13541908490512,1.12884516175972,1.1418733660724,0,0
"MA0476.1_FOS","FOS",3.52394860496934,3.47345694479855,3.57453337263942,0,0
"MA0478.1_FOSL2","FOSL2",3.76228387778669,3.70596963120461,3.81453372798125,0,0
"MA0479.1_FOXH1","FOXH1",1.02018800552887,1.01435330974879,1.02612000080721,1.43519386108445e-13,1.51919350178338e-13
"MA0488.1_JUN","JUN",1.48002904283692,1.47109418372767,1.48922201776638,0,0
"MA0489.1_JUN(var.2)","JUN(var.2)",3.32273884355521,3.27399391750553,3.36959750873973,0,0
"MA0492.1_JUND(var.2)","JUND(var.2)",1.42543959968172,1.41635087063017,1.43442518758332,0,0
"MA0497.1_MEF2C","MEF2C",1.17797057228529,1.16792233974341,1.18782672207276,0,0
"MA0501.1_MAF::NFE2","MAF::NFE2",1.99786630331551,1.98218371950456,2.01340568744159,0,0
"MA0504.1_NR2C2","NR2C2",1.49433412058215,1.48635429499479,1.50317382784217,0,0
"MA0506.1_NRF1","NRF1",0.890181631726938,0.884859556036169,0.895331220602733,1,1
"MA0507.1_POU2F2","POU2F2",1.02210611900446,1.01630794536476,1.02758972947735,6.67628267796711e-16,7.12662215034263e-16
"MA0513.1_SMAD2::SMAD3::SMAD4","SMAD2::SMAD3::SMAD4",1.11987805036728,1.11338569096302,1.1261556787415,0,0
"MA0517.1_STAT1::STAT2","STAT1::STAT2",1.1955582645035,1.18569211391912,1.20580435905343,0,0
"MA0523.1_TCF7L2","TCF7L2",1.27443989951059,1.26378129502926,1.2849085298491,0,0
"MA0527.1_ZBTB33","ZBTB33",1.02543928931512,1.01938981081134,1.03092797069445,1.94631798115503e-20,2.10962205834098e-20
"MA0076.2_ELK4","ELK4",1.62841910488176,1.59161791545031,1.66479637748566,0,0
"MA0258.2_ESR2","ESR2",1.10894161844592,1.10208623747785,1.11551125349521,0,0
"MA0050.2_IRF1","IRF1",1.28779934181805,1.27846826036723,1.29693230615551,0,0
"MA0137.3_STAT1","STAT1",1.10517944752354,1.0964621177499,1.11308136599982,1.58350478385918e-308,2.50589632045716e-308
"MA0144.2_STAT3","STAT3",1.05163646356478,1.04466855495543,1.05834053412476,2.50655941042286e-77,3.07490718371642e-77
"MA0140.2_GATA1::TAL1","GATA1::TAL1",1.57453381351606,1.56561303026782,1.58353561531329,0,0
"MA0095.2_YY1","YY1",1.06328482197174,1.05709941636122,1.06938459888412,1.27257890647392e-114,1.65070173729096e-114
"MA0593.1_FOXP2","FOXP2",1.36925628335292,1.36130013281953,1.37746014331531,0,0
"MA0595.1_SREBF1","SREBF1",1.08422296411472,1.07788047128689,1.0903868388274,6.05831122474891e-200,8.69594332259877e-200
"MA0596.1_SREBF2","SREBF2",1.08748565224142,1.08131814262143,1.09320800791255,2.46436695290144e-215,3.60264268172427e-215
"MA0597.1_THAP1","THAP1",1.02805925629395,1.02248647811923,1.03390155621181,1.97029732464955e-24,2.15778236419233e-24
"MA0599.1_KLF5","KLF5",1.25758000792582,1.25005965524494,1.2653951612997,0,0
"MA0610.1_DMRT3","DMRT3",1.05488751515665,1.04891999071809,1.06038351099922,5.34224002372966e-87,6.68307892296615e-87
"MA0613.1_FOXG1","FOXG1",1.30643214832006,1.29843086087264,1.31466036449736,0,0
"MA0618.1_LBX1","LBX1",1.3996205641822,1.39185968815221,1.40730569831073,0,0
"MA0625.1_NFATC3","NFATC3",1.14403523122399,1.13722925860466,1.15057399701822,0,0
"MA0628.1_POU6F1","POU6F1",1.21038044629124,1.20351625031774,1.21696286109129,0,0
"MA0630.1_SHOX","SHOX",1.3996205641822,1.39185968815221,1.40730569831073,0,0
"MA0634.1_ALX3","ALX3",1.7069318315898,1.69752242301068,1.71654629515381,0,0
"MA0635.1_BARHL2","BARHL2",1.05050955042977,1.04485446248188,1.05685256831808,4.14694023701963e-74,5.01914564059928e-74
"MA0636.1_BHLHE41","BHLHE41",1.06967854064487,1.06399285271939,1.07575721979736,3.39034601506617e-138,4.52761398214533e-138
"MA0637.1_CENPB","CENPB",1.03643788748646,1.03066735250354,1.0424420080022,9.63197567112067e-40,1.08875724996775e-39
"MA0638.1_CREB3","CREB3",1.07862163752577,1.0730587669102,1.08474199306768,7.81225483669025e-175,1.08446432272476e-174
"MA0639.1_DBP","DBP",1.13128843958389,1.12495612206835,1.13723399714358,0,0
"MA0641.1_ELF4","ELF4",1.29216019851617,1.27448130073967,1.31071302358882,0,0
"MA0136.2_ELF5","ELF5",1.58299664219134,1.55004768932391,1.61621622755972,0,0
"MA0027.2_EN1","EN1",1.38798217429272,1.38030516043907,1.39547023399855,0,0
"MA0642.1_EN2","EN2",1.2009553605253,1.19446143136272,1.20792380477693,0,0
"MA0644.1_ESX1","ESX1",1.36863814864452,1.3614371697235,1.37621729391189,0,0
"MA0645.1_ETV6","ETV6",1.49190885878125,1.46004569756289,1.52531820914291,0,0
"MA0475.2_FLI1","FLI1",1.40467193827961,1.38369044031035,1.4270910180824,0,0
"MA0042.2_FOXI1","FOXI1",1.35046371017929,1.34112877827757,1.35873084454838,0,0
"MA0033.2_FOXL1","FOXL1",1.35046371017929,1.34112877827757,1.35873084454838,0,0
"MA0157.2_FOXO3","FOXO3",1.24734868356105,1.23971821051205,1.25504522006613,0,0
"MA0646.1_GCM1","GCM1",1.08591568021711,1.07947793845578,1.09238780584381,7.37240119290916e-208,1.0679015915587e-207
"MA0647.1_GRHL1","GRHL1",1.61217546596413,1.60174922225612,1.62196044143914,0,0
"MA0648.1_GSC","GSC",1.22840340558535,1.21988862574326,1.23660465662062,0,0
"MA0649.1_HEY2","HEY2",1.09663645284534,1.09088557176836,1.10265290265603,1.73364794379601e-261,2.63165263410761e-261
"MA0131.2_HINFP","HINFP",0.946866870742996,0.942214376191047,0.9519636833431,1,1
"MA0046.2_HNF1A","HNF1A",1.90633140432644,1.89389135516074,1.91922450600656,0,0
"MA0153.2_HNF1B","HNF1B",2.05725223202036,2.04397515899699,2.07178773597525,0,0
"MA0651.1_HOXC11","HOXC11",1.05110956730658,1.04515434899053,1.05677607555449,8.1763413890593e-76,9.99155231520181e-76
"MA0486.2_HSF1","HSF1",1.04673574258917,1.0412399723979,1.05254221189791,7.83320385332687e-64,9.32033466006749e-64
"MA0652.1_IRF8","IRF8",1.101109849055,1.09507218492018,1.10713797322288,1.20733276414247e-285,1.86856146626451e-285
"MA0653.1_IRF9","IRF9",1.10367983898483,1.09774743963028,1.11049835161237,5.39139551402957e-300,8.42655150711289e-300
"MA0654.1_ISX","ISX",1.34864014332195,1.34131338230216,1.35579760257768,0,0
"MA0655.1_JDP2","JDP2",3.0777402267621,3.03570915497808,3.12114235607546,0,0
"MA0656.1_JDP2(var.2)","JDP2(var.2)",1.26157003986952,1.25290094359039,1.27042231129277,0,0
"MA0657.1_KLF13","KLF13",1.11796868142315,1.11142139786448,1.12394193590144,0,0
"MA0658.1_LHX6","LHX6",1.27067757949786,1.26404269252089,1.27736254298414,0,0
"MA0660.1_MEF2B","MEF2B",1.32303134016579,1.31402581276889,1.33236822554576,0,0
"MA0661.1_MEOX1","MEOX1",1.31468982506949,1.30702092310992,1.32160626456847,0,0
"MA0662.1_MIXL1","MIXL1",1.72331413595055,1.71354935460982,1.73327040727253,0,0
"MA0663.1_MLX","MLX",1.06852078388129,1.06214768005097,1.07440896072698,9.1493031884452e-134,1.21670355426172e-133
"MA0664.1_MLXIPL","MLXIPL",1.06586487536482,1.06012443581681,1.07177549147864,7.16828397894184e-124,9.39445912768154e-124
"MA0665.1_MSC","MSC",1.55246117868164,1.54244837841884,1.56146712728756,0,0
"MA0666.1_MSX1","MSX1",1.10663188279519,1.100528602227,1.11236482142872,6.67752941439799e-317,1.05936745513621e-316
"MA0667.1_MYF6","MYF6",1.51421020045796,1.50461993065705,1.52365344506507,0,0
"MA0668.1_NEUROD2","NEUROD2",2.23262871571011,2.22015872888361,2.24458391725697,0,0
"MA0669.1_NEUROG2","NEUROG2",2.67104868561288,2.65619468910715,2.68739021206023,0,0
"MA0670.1_NFIA","NFIA",1.02424442330583,1.01850901118893,1.02984385099262,9.67019194221069e-19,1.0427992332912e-18
"MA0671.1_NFIX","NFIX",1.03157812924617,1.02610814514092,1.03696912527619,2.15990638627414e-30,2.39024605334183e-30
"MA0048.2_NHLH1","NHLH1",1.32462956744213,1.31643382620954,1.33181125667487,0,0
"MA0672.1_NKX2-3","NKX2-3",1.22578701384407,1.21927000126702,1.23168726189072,0,0
"MA0673.1_NKX2-8","NKX2-8",1.13155217611634,1.12554394343182,1.13708626682467,0,0
"MA0674.1_NKX6-1","NKX6-1",1.18454110307225,1.17818570736781,1.19143213778831,0,0
"MA0675.1_NKX6-2","NKX6-2",1.47033798937599,1.46232255830333,1.47795553990286,0,0
"MA0678.1_OLIG2","OLIG2",1.91856661425855,1.90776779219039,1.92976494876901,0,0
"MA0068.2_PAX4","PAX4",1.43445769546088,1.42670062540712,1.44258779568804,0,0
"MA0680.1_PAX7","PAX7",1.27614558553586,1.26956150417694,1.28338657853496,0,0
"MA0683.1_POU4F2","POU4F2",1.09381906092378,1.08780476741739,1.10012709836504,8.25381105280923e-247,1.23223169727081e-246
"MA0685.1_SP4","SP4",1.23720397159125,1.22925715436922,1.24520371816833,0,0
"MA0686.1_SPDEF","SPDEF",1.12245201578617,1.11336622478385,1.13161595134819,0,0
"MA0687.1_SPIC","SPIC",1.26596000966291,1.24397394666536,1.28876367687978,0,0
"MA0083.3_SRF","SRF",1.04019683268265,1.03488128863094,1.04603031608169,7.28427196192269e-48,8.38353482163102e-48
"MA0009.2_TBXT","TBXT",1.05091098939099,1.04478443434469,1.05665670030193,3.01338561925937e-75,3.66117676965678e-75
"MA0688.1_TBX2","TBX2",1.05795323094374,1.05204415351028,1.06400789215827,1.2128730982401e-96,1.54166399836542e-96
"MA0689.1_TBX20","TBX20",1.05151924860301,1.04531661188977,1.05760693476271,5.45851242638066e-77,6.68324635570397e-77
"MA0690.1_TBX21","TBX21",1.0360749945887,1.02988362762774,1.04180634306703,5.33045905474333e-39,6.01458214198312e-39
"MA0691.1_TFAP4","TFAP4",1.48177076321435,1.47316291732308,1.49034007196279,0,0
"MA0145.3_TFCP2","TFCP2",1.19973227496923,1.19279155594501,1.20714570718914,0,0
"MA0692.1_TFEB","TFEB",1.11495452605084,1.10876745970118,1.12159237916872,0,0
"MA0694.1_ZBTB7B","ZBTB7B",1.02968311668879,1.02397333765072,1.03538754482433,4.25413583775392e-27,4.66701557244061e-27
"MA0695.1_ZBTB7C","ZBTB7C",1.02734752080408,1.02160039214209,1.03324498651728,2.61297851074283e-23,2.84195085446772e-23
"MA0696.1_ZIC1","ZIC1",0.970605998760952,0.965172232534037,0.976290042188719,1,1
"MA0697.1_ZIC3","ZIC3",0.957277731635696,0.952053333911086,0.962782520838666,1,1
"MA0698.1_ZBTB18","ZBTB18",1.61782701219295,1.60775635598438,1.62755407666613,0,0
"MA0699.1_LBX2","LBX2",1.31686297211148,1.30954076202228,1.32404535953714,0,0
"MA0706.1_MEOX2","MEOX2",1.293783625083,1.28622508504407,1.30093097378814,0,0
"MA0707.1_MNX1","MNX1",1.44484800875044,1.43612288238607,1.45314147041971,0,0
"MA0708.1_MSX2","MSX2",1.10663188279519,1.100528602227,1.11236482142872,6.67752941439799e-317,1.05936745513621e-316
"MA0710.1_NOTO","NOTO",1.44675843039757,1.43845670858534,1.4548342635441,0,0
"MA0711.1_OTX1","OTX1",1.05037615825693,1.04457514997486,1.05581768517919,9.86632169921775e-74,1.19186672435207e-73
"MA0132.2_PDX1","PDX1",1.25199009480438,1.24508301326801,1.25890191982374,0,0
"MA0713.1_PHOX2A","PHOX2A",1.28033073133914,1.27284294127786,1.28779314649785,0,0
"MA0714.1_PITX3","PITX3",1.12060919288506,1.11350087745993,1.12785285811431,0,0
"MA0715.1_PROP1","PROP1",1.25298244155808,1.2457969475763,1.26036538736463,0,0
"MA0716.1_PRRX1","PRRX1",1.3996205641822,1.39185968815221,1.40730569831073,0,0
"MA0717.1_RAX2","RAX2",1.34864014332195,1.34131338230216,1.35579760257768,0,0
"MA0718.1_RAX","RAX",1.31570244627384,1.30870310787185,1.32347293044517,0,0
"MA0719.1_RHOXF1","RHOXF1",1.04117140896809,1.03514402190679,1.04697094326322,4.27067349974297e-50,4.93309548419216e-50
"MA0721.1_UNCX","UNCX",1.57111999748273,1.56265966801016,1.58006587209578,0,0
"MA0722.1_VAX1","VAX1",1.25199009480438,1.24508301326801,1.25890191982374,0,0
"MA0723.1_VAX2","VAX2",1.25199009480438,1.24508301326801,1.25890191982374,0,0
"MA0724.1_VENTX","VENTX",1.04923637377532,1.04336996575755,1.05465587864609,1.48311320256496e-70,1.77805048716594e-70
"MA0725.1_VSX1","VSX1",1.13582620746647,1.12981553160346,1.14208353696481,0,0
"MA0726.1_VSX2","VSX2",1.13582620746647,1.12981553160346,1.14208353696481,0,0
"MA0112.3_ESR1","ESR1",1.04354529133486,1.03734668552836,1.04899388658187,9.47980562356241e-56,1.10918982619501e-55
"MA0141.3_ESRRB","ESRRB",1.17603566593311,1.16977987182576,1.1826100255478,0,0
"MA0017.2_NR2F1","NR2F1",1.58592431514706,1.57730126457111,1.59513417069663,0,0
"MA0113.3_NR3C1","NR3C1",1.03069362489551,1.02512253616062,1.03599535172744,7.88295403210045e-29,8.70839424488584e-29
"MA0727.1_NR3C2","NR3C2",1.03801373781719,1.03268353769691,1.04358810559225,4.7128054865741e-43,5.34624708423191e-43
"MA0729.1_RARA","RARA",1.14523582323804,1.1386409685862,1.15133019537769,0,0
"MA0730.1_RARA(var.2)","RARA(var.2)",1.65407014756274,1.64476812358759,1.66433972686297,0,0
"MA0731.1_BCL6B","BCL6B",1.02397038856876,1.0179062816857,1.02953205478146,2.30865536072985e-18,2.481118579528e-18
"MA0472.2_EGR2","EGR2",1.12401332796989,1.11638405948115,1.13114425222881,0,0
"MA0732.1_EGR3","EGR3",1.08710349341814,1.08021873946089,1.09365412764912,1.67275893816828e-213,2.43415266174833e-213
"MA0733.1_EGR4","EGR4",1.09460650738256,1.08833403759201,1.10081107542984,7.18051551252306e-251,1.07707732687846e-250
"MA0735.1_GLIS1","GLIS1",1.02358765162378,1.01771869455144,1.02918307566716,7.66068901646083e-18,8.21901041935543e-18
"MA0736.1_GLIS2","GLIS2",1.02511880294749,1.01927133216202,1.03066084967594,5.64801740543508e-20,6.11144447459899e-20
"MA0737.1_GLIS3","GLIS3",1.03041777538172,1.02478742678639,1.03592650321931,2.37193127650284e-28,2.61118695308922e-28
"MA0738.1_HIC2","HIC2",1.12615500332106,1.11961985544591,1.13221289893385,0,0
"MA0740.1_KLF14","KLF14",1.17715725149541,1.16975291945815,1.18443394197432,0,0
"MA0741.1_KLF16","KLF16",1.42320073493949,1.41462431894285,1.43158962417102,0,0
"MA0747.1_SP8","SP8",1.22567387006968,1.21793183669123,1.23299921438552,0,0
"MA0749.1_ZBED1","ZBED1",1.03857260082054,1.03283975599421,1.04448847715963,2.9279649066743e-44,3.32747178801586e-44
"MA0751.1_ZIC4","ZIC4",0.98914912698964,0.983572845892077,0.995069796518423,0.999959476039346,1
"MA0088.2_ZNF143","ZNF143",1.01074394003926,1.0054677217704,1.01638884899051,4.96964563288846e-05,5.18251348536803e-05
"MA0752.1_ZNF410","ZNF410",1.054022279063,1.04823442674207,1.05977164571279,2.27806496287169e-84,2.82748063038781e-84
"MA0754.1_CUX1","CUX1",1.91196556063331,1.90200351491552,1.9218580073551,0,0
"MA0755.1_CUX2","CUX2",2.08391742015945,2.07291483291824,2.09483951208668,0,0
"MA0756.1_ONECUT2","ONECUT2",2.40190379693346,2.38948771360352,2.4143938172832,0,0
"MA0757.1_ONECUT3","ONECUT3",2.17185290082338,2.15963772085619,2.18294656767047,0,0
"MA0758.1_E2F7","E2F7",1.11102008493037,1.10445127643747,1.11746380601786,0,0
"MA0759.1_ELK3","ELK3",1.24563700807831,1.23011419963174,1.26154947869307,0,0
"MA0760.1_ERF","ERF",1.49030995209135,1.46337277479154,1.51821140818364,0,0
"MA0474.2_ERG","ERG",1.71424583953463,1.68407407608124,1.74523577469191,0,0
"MA0098.3_ETS1","ETS1",1.68886595596612,1.6608433612101,1.71752639778491,0,0
"MA0762.1_ETV2","ETV2",1.89158150903021,1.85021857812014,1.9339958546276,0,0
"MA0763.1_ETV3","ETV3",1.14688238577327,1.1370629522128,1.15659423881994,0,0
"MA0156.2_FEV","FEV",1.2542997773058,1.23852185715025,1.2709067721397,0,0
"MA0767.1_GCM2","GCM2",1.03907906226454,1.03377709986227,1.04487925619129,2.28150832651745e-45,2.61629487443034e-45
"MA0768.1_LEF1","LEF1",1.27727139768584,1.26783054073894,1.28663215961935,0,0
"MA0770.1_HSF2","HSF2",1.04087307698949,1.03553298196758,1.04693298681145,2.08558265658385e-49,2.40468819966771e-49
"MA0771.1_HSF4","HSF4",1.05107598769091,1.04541407597494,1.0570038851721,1.01977424948326e-75,1.24377090543913e-75
"MA0772.1_IRF7","IRF7",1.09413756589389,1.08786541522275,1.10038620306173,1.89750619564666e-248,2.83953054809535e-248
"MA0773.1_MEF2D","MEF2D",1.24780937900163,1.23902303445282,1.2564039944674,0,0
"MA0498.2_MEIS1","MEIS1",1.08003021385678,1.073981041747,1.08595439992566,5.42732285110935e-181,7.65143733797821e-181
"MA0774.1_MEIS2","MEIS2",1.14289487563808,1.13626626643515,1.14888159873439,0,0
"MA0775.1_MEIS3","MEIS3",1.10909387258494,1.10337810075412,1.11520437055546,0,0
"MA0776.1_MYBL1","MYBL1",1.04591902327209,1.04022312533713,1.05224531415168,1.03728073654866e-61,1.2272873013744e-61
"MA0777.1_MYBL2","MYBL2",1.03056967460963,1.02492898229895,1.03603062620918,1.29472428346222e-28,1.42780569935816e-28
"MA0105.4_NFKB1","NFKB1",1.0995413299654,1.09354818280262,1.105503271423,4.6879124978802e-277,7.202545172714e-277
"MA0778.1_NFKB2","NFKB2",1.08001294621835,1.07386198557423,1.08606674083392,6.46718601067973e-181,9.09717498835615e-181
"MA0779.1_PAX1","PAX1",1.31416232261154,1.30719975240991,1.32145026582297,0,0
"MA0780.1_PAX3","PAX3",1.27050126246632,1.26356591522646,1.27762421258491,0,0
"MA0781.1_PAX9","PAX9",1.30589755300535,1.29907519147047,1.31283157175622,0,0
"MA0783.1_PKNOX2","PKNOX2",1.61996689977919,1.61033778324982,1.62884798950146,0,0
"MA0784.1_POU1F1","POU1F1",1.07886539514545,1.0725676616611,1.08468953804051,6.83306267720498e-176,9.52715567108095e-176
"MA0785.1_POU2F1","POU2F1",1.03966773606137,1.03353576004736,1.04613541356246,1.12801323312522e-46,1.29588453097689e-46
"MA0786.1_POU3F1","POU3F1",1.04884423935546,1.04320094741319,1.05466008791226,1.76963475748123e-69,2.11754026745864e-69
"MA0787.1_POU3F2","POU3F2",1.06426389166458,1.05831353677718,1.07007851232266,4.33388058921678e-118,5.65638435664788e-118
"MA0788.1_POU3F3","POU3F3",1.06061363280423,1.05470213853832,1.066515308332,2.0127424534184e-105,2.57908091703208e-105
"MA0789.1_POU3F4","POU3F4",1.04425981028005,1.03848669380008,1.0501133483171,1.63996235734888e-57,1.92954678847926e-57
"MA0790.1_POU4F1","POU4F1",1.08972129381203,1.08407353085299,1.09573534816517,3.32644618770132e-226,4.93124224078439e-226
"MA0791.1_POU4F3","POU4F3",1.10755312292015,1.10174860451814,1.1136994521728,2.86558074587923e-322,4.59481050632359e-322
"MA0792.1_POU5F1B","POU5F1B",1.04998342322845,1.04386958931389,1.05618940705156,1.24976377853966e-72,1.50399329242511e-72
"MA0793.1_POU6F2","POU6F2",1.2336721956221,1.22674978704356,1.24049630123915,0,0
"MA0794.1_PROX1","PROX1",1.0494427810923,1.04366421982292,1.05477103016855,3.99089978744875e-71,4.79362346386159e-71
"MA0600.2_RFX2","RFX2",1.72437110144432,1.71369057364928,1.73437137006539,0,0
"MA0795.1_SMAD3","SMAD3",1.0420028839524,1.03643042345703,1.04786862515207,4.84472620941654e-52,5.61668807794994e-52
"MA0796.1_TGIF1","TGIF1",1.46595982394789,1.4578398174303,1.47416144470968,0,0
"MA0797.1_TGIF2","TGIF2",1.47678588185412,1.4680378447005,1.48456914215589,0,0
"MA0799.1_RFX4","RFX4",1.73996093695313,1.72912197991797,1.74914158860142,0,0
"MA0510.2_RFX5","RFX5",1.74945501673691,1.73918974045789,1.75905159556599,0,0
"MA0511.2_RUNX2","RUNX2",1.03416101973926,1.02869114724437,1.04010021801214,3.35878271195176e-35,3.75637713191778e-35
"MA0800.1_EOMES","EOMES",1.03730946888812,1.03177462042012,1.04350718832039,1.47769335108149e-41,1.67330928664505e-41
"MA0801.1_MGA","MGA",1.07180164235952,1.06560808295255,1.07807343359128,1.65299024501045e-146,2.23577526728978e-146
"MA0802.1_TBR1","TBR1",1.05473385384726,1.0488698408441,1.06118470990263,1.57662398430758e-86,1.96844769638402e-86
"MA0803.1_TBX15","TBX15",1.07180164235952,1.06560808295255,1.07807343359128,1.65299024501045e-146,2.23577526728978e-146
"MA0804.1_TBX19","TBX19",1.0339599376994,1.02801384513339,1.03942398906649,8.19732245506462e-35,9.15150813766473e-35
"MA0805.1_TBX1","TBX1",1.06416146202248,1.05835455179733,1.07038185025244,1.00481952203996e-117,1.30874641450884e-117
"MA0806.1_TBX4","TBX4",1.10386009017955,1.09641777660088,1.11107820950609,5.15624641821471e-301,8.07897025428196e-301
"MA0807.1_TBX5","TBX5",1.10386009017955,1.09641777660088,1.11107820950609,5.15624641821471e-301,8.07897025428196e-301
"MA0808.1_TEAD3","TEAD3",3.63583185500264,3.5986125117957,3.67229642815491,0,0
"MA0810.1_TFAP2A(var.2)","TFAP2A(var.2)",0.989841972529753,0.983518740657304,0.996140720007782,0.999887464214616,1
"MA0811.1_TFAP2B","TFAP2B",1.05751274939093,1.05053467600469,1.06421982785754,3.16726641120408e-95,4.00175576505425e-95
"MA0812.1_TFAP2B(var.2)","TFAP2B(var.2)",1.00254476028383,0.995981297336896,1.00873713736957,0.177610289311417,0.18340507852223
"MA0813.1_TFAP2B(var.3)","TFAP2B(var.3)",0.9504204922044,0.94560049578753,0.955899845760896,1,1
"MA0524.2_TFAP2C","TFAP2C",1.05289550611369,1.04611349807405,1.0598509461506,5.26709908649372e-81,6.52460610910083e-81
"MA0815.1_TFAP2C(var.3)","TFAP2C(var.3)",0.943036989877282,0.938033425154947,0.948541303410355,1,1
"MA0464.2_BHLHE40","BHLHE40",1.06505437278541,1.05912023569402,1.07106375313073,6.30209856890501e-121,8.24220742586131e-121
"MA0817.1_BHLHE23","BHLHE23",2.06193067377203,2.0508926621616,2.07331752364085,0,0
"MA0818.1_BHLHE22","BHLHE22",2.12331679288526,2.11163159981214,2.13548693081642,0,0
"MA0819.1_CLOCK","CLOCK",1.08210459944457,1.07652148350292,1.08777304174262,2.97926541648264e-190,4.24746623566106e-190
"MA0820.1_FIGLA","FIGLA",1.34587806882268,1.33742086881807,1.35471096965826,0,0
"MA0821.1_HES5","HES5",1.1040239615403,1.097190925282,1.11021100621706,6.0832097213211e-302,9.57878545670711e-302
"MA0822.1_HES7","HES7",1.1170096682656,1.11076408727421,1.12349417681595,0,0
"MA0823.1_HEY1","HEY1",1.09607934105877,1.08996572740191,1.10215097963175,1.49375463231955e-258,2.25667465932763e-258
"MA0058.3_MAX","MAX",1.06755265260159,1.06160316951829,1.07331710554793,4.08989870429696e-130,5.41612108748949e-130
"MA0825.1_MNT","MNT",1.08169724845152,1.07553057069105,1.08739742626864,2.04447683427286e-188,2.90821086762859e-188
"MA0826.1_OLIG1","OLIG1",2.11059100219133,2.09880242978075,2.12266376601125,0,0
"MA0827.1_OLIG3","OLIG3",1.90363849674118,1.89286336994482,1.91455746457716,0,0
"MA0828.1_SREBF2(var.2)","SREBF2(var.2)",1.06364709640983,1.05780921978596,1.06963291793173,6.72250397858124e-116,8.73787478119492e-116
"MA0834.1_ATF7","ATF7",1.20848129962874,1.20062747369217,1.2169548850828,0,0
"MA0466.2_CEBPB","CEBPB",1.09621690505074,1.08970567766904,1.10263203382478,2.82481038239359e-259,4.27776309104101e-259
"MA0837.1_CEBPE","CEBPE",1.08954277867978,1.08297890275636,1.09553009931504,2.50948245049349e-225,3.71145418495883e-225
"MA0838.1_CEBPG","CEBPG",1.09861817056843,1.09206892470894,1.10485803774459,4.63647393599413e-272,7.07201928068503e-272
"MA0839.1_CREB3L1","CREB3L1",1.10863046738142,1.1023360620507,1.11451313643272,0,0
"MA0841.1_NFE2","NFE2",3.06441309194214,3.02101083137222,3.10518298023964,0,0
"MA0843.1_TEF","TEF",1.12280375040533,1.11642387694512,1.12842861432238,0,0
"MA0844.1_XBP1","XBP1",1.10171088095797,1.09584372387028,1.10801328473995,5.70986244193464e-289,8.85868364153096e-289
"MA0845.1_FOXB1","FOXB1",1.2161428551243,1.20812428683976,1.22454584221065,0,0
"MA0032.2_FOXC1","FOXC1",1.1909466352352,1.18331607654381,1.19877365479745,0,0
"MA0846.1_FOXC2","FOXC2",1.1836967006298,1.176696987818,1.19062668528398,0,0
"MA0848.1_FOXO4","FOXO4",1.35046371017929,1.34112877827757,1.35873084454838,0,0
"MA0849.1_FOXO6","FOXO6",1.35046371017929,1.34112877827757,1.35873084454838,0,0
"MA0850.1_FOXP3","FOXP3",1.35046371017929,1.34112877827757,1.35873084454838,0,0
"MA0855.1_RXRB","RXRB",1.77334747085667,1.76326065374715,1.78335396422568,0,0
"MA0856.1_RXRG","RXRG",1.831400955464,1.82050209952218,1.84229944530568,0,0
"MA0525.2_TP63","TP63",1.03031887385474,1.02435422490086,1.0360114134433,3.5124473132121e-28,3.86003324524871e-28
"MA0106.3_TP53","TP53",1.03341126685097,1.02784437763758,1.03938395510907,9.11328133280718e-34,1.01561744430756e-33
"MA0861.1_TP73","TP73",1.03467698620211,1.02890918058739,1.04077298991906,3.32461595582355e-36,3.72474672572797e-36
"MA0862.1_GMEB2","GMEB2",1.03505049095266,1.0291365611296,1.04054514317296,6.10256064241487e-37,6.86131596207569e-37
"MA0863.1_MTF1","MTF1",1.08297878069877,1.0773190226847,1.08915892042748,3.18698013874599e-194,4.55385649622169e-194
"MA0024.3_E2F1","E2F1",1.05521510114515,1.04898221815962,1.06103363046663,5.26586481733938e-88,6.61367545511077e-88
"MA0865.1_E2F8","E2F8",1.19538079765903,1.18831725116754,1.20217554681175,0,0
"MA0866.1_SOX21","SOX21",1.05789058455399,1.05199023667022,1.06354462003822,1.93181206580584e-96,2.4456740753102e-96
"MA0872.1_TFAP2A(var.3)","TFAP2A(var.3)",0.942418511459424,0.937235291713527,0.94773014294814,1,1
"MA0028.2_ELK1","ELK1",1.11716111201992,1.10959841601866,1.12465755058118,0,0
"MA0873.1_HOXD12","HOXD12",1.05285825419548,1.04682130346166,1.05874480656403,6.78599197532158e-81,8.38971273511437e-81
"MA0875.1_BARX1","BARX1",1.14369443217623,1.13668491264317,1.15024698467571,0,0
"MA0876.1_BSX","BSX",1.10663188279519,1.100528602227,1.11236482142872,6.67752941439799e-317,1.05936745513621e-316
"MA0882.1_DLX6","DLX6",1.41824745779887,1.41032364416072,1.42602121180923,0,0
"MA0884.1_DUXA","DUXA",1.21831577144447,1.21186409852104,1.22503380319593,0,0
"MA0886.1_EMX2","EMX2",1.25608904613075,1.24904043590613,1.26280492681609,0,0
"MA0887.1_EVX1","EVX1",1.16604787713983,1.1592202241032,1.17360022135341,0,0
"MA0888.1_EVX2","EVX2",1.20250305358052,1.19519040800011,1.20996798455878,0,0
"MA0889.1_GBX1","GBX1",1.2170675511904,1.21074576339665,1.2237013581656,0,0
"MA0890.1_GBX2","GBX2",1.25692705733006,1.24949723364541,1.26420741070179,0,0
"MA0891.1_GSC2","GSC2",1.15153601364313,1.14417003170493,1.15916191157064,0,0
"MA0892.1_GSX1","GSX1",1.53248151918492,1.52443052927919,1.54054749931718,0,0
"MA0894.1_HESX1","HESX1",1.30495636376692,1.29771109425648,1.31198653179558,0,0
"MA0895.1_HMBOX1","HMBOX1",1.07218557824955,1.06630601519208,1.07800025502429,4.89174232047242e-148,6.64479160699365e-148
"MA0899.1_HOXA10","HOXA10",1.16798252941631,1.16125354391346,1.17407004359632,0,0
"MA0903.1_HOXB3","HOXB3",1.36346831901452,1.35586130811816,1.37084706675756,0,0
"MA0905.1_HOXC10","HOXC10",1.04259194239168,1.03685178540891,1.04847305555715,1.9244604908986e-53,2.24343184298124e-53
"MA0906.1_HOXC12","HOXC12",1.05917828103256,1.05294506587887,1.06518287906833,1.22525599797505e-100,1.56684251862264e-100
"MA0907.1_HOXC13","HOXC13",1.03171243719073,1.02566344016436,1.03764759621475,1.24008141262451e-30,1.37473123325975e-30
"MA0908.1_HOXD11","HOXD11",1.04740119051463,1.04140724078126,1.052798782015,1.37452731190428e-65,1.63856080684634e-65
"MA0914.1_ISL2","ISL2",1.43852342679401,1.43061061908099,1.44654613299749,0,0
"MA0852.2_FOXK1","FOXK1",1.32861763567347,1.32109042903755,1.33637590855243,0,0
"MA0036.3_GATA2","GATA2",2.78332699271821,2.76642339691563,2.79849145858109,0,0
"MA1106.1_HIF1A","HIF1A",1.03241212637658,1.02642909179837,1.03839791276371,6.63702196223936e-32,7.38354112846663e-32
"MA0147.3_MYC","MYC",1.08818999526544,1.08182661695698,1.09437755293988,9.8983151745121e-219,1.45374327272997e-218
"MA0100.3_MYB","MYB",1.05173739707537,1.04552426531501,1.05726513963305,1.28065761492465e-77,1.5740898451404e-77
"MA0104.4_MYCN","MYCN",1.0783939589584,1.07271507552211,1.084102872175,7.55596761386117e-174,1.04659245067267e-173
"MA1109.1_NEUROD1","NEUROD1",4.26602777724067,4.23807467798323,4.29628552654037,0,0
"MA0161.2_NFIC","NFIC",1.04805020983973,1.04220605578084,1.05390020417404,2.52638080047762e-67,3.0173566918912e-67
"MA0060.3_NFYA","NFYA",1.25931818730168,1.25152490439893,1.26648036654979,0,0
"MA1110.1_NR1H4","NR1H4",1.0988877134858,1.09297835543853,1.10563488120472,1.63038356972773e-273,2.49886876425582e-273
"MA1111.1_NR2F2","NR2F2",1.51928832143712,1.51048389280345,1.52820815380625,0,0
"MA0014.3_PAX5","PAX5",1.02012316200832,1.01445613155761,1.02543070728496,1.70693739137301e-13,1.80382532343759e-13
"MA1114.1_PBX3","PBX3",1.10107891759438,1.09476710098037,1.10747487596237,1.78832244619575e-285,2.76099538644368e-285
"MA1115.1_POU5F1","POU5F1",1.01546291431271,1.00996350940494,1.02085713758094,1.09418757760875e-08,1.1486247705246e-08
"MA1116.1_RBPJ","RBPJ",1.45415236808794,1.44426178355184,1.46407673485397,0,0
"MA1117.1_RELB","RELB",1.14373762790137,1.13719690861816,1.14992193573625,0,0
"MA1118.1_SIX1","SIX1",1.2718046359631,1.2639862506278,1.27881215845987,0,0
"MA1119.1_SIX2","SIX2",1.28478306199807,1.27742008961463,1.29192628777561,0,0
"MA0442.2_SOX10","SOX10",2.67495308402229,2.65603242148726,2.69304693385045,0,0
"MA1120.1_SOX13","SOX13",2.25149104085034,2.22108055498105,2.28351720640252,0,0
"MA1121.1_TEAD2","TEAD2",3.55511172642899,3.51891851113776,3.58908999467725,0,0
"MA1122.1_TFDP1","TFDP1",1.06992208110573,1.06372321884542,1.07640719712241,3.88155276920497e-139,5.19455159176902e-139
"MA0750.2_ZBTB7A","ZBTB7A",1.44507878916505,1.41473222346566,1.47661190706858,0,0
"MA0103.3_ZEB1","ZEB1",1.37064548926427,1.35247369115694,1.38844361411619,0,0
"MA1124.1_ZNF24","ZNF24",1.05852356027093,1.05203622249364,1.06472009292974,1.71284030894036e-98,2.18594337814365e-98
"MA1125.1_ZNF384","ZNF384",1.35003170742587,1.34138188933566,1.35801700957391,0,0
"MA1154.1_ZNF282","ZNF282",1.13030001046745,1.1238580937118,1.13611126548738,0,0
"MA1155.1_ZSCAN4","ZSCAN4",1.09868958584626,1.09227824399577,1.10520146621181,1.91138171494223e-272,2.92247494096239e-272
"MA0037.3_GATA3","GATA3",2.7384148120387,2.72219021380715,2.75313960386802,0,0
"MA0099.3_FOS::JUN","FOS::JUN",3.5851638662417,3.53216541572866,3.63481495901195,0,0
"MA1126.1_FOS::JUN(var.2)","FOS::JUN(var.2)",1.23755456017766,1.22923518952966,1.24538112438976,0,0
"MA1127.1_FOSB::JUN","FOSB::JUN",1.27824734776269,1.26939317186342,1.28703018351457,0,0
"MA1128.1_FOSL1::JUN","FOSL1::JUN",3.60518327426166,3.55166866319317,3.65413266766731,0,0
"MA1129.1_FOSL1::JUN(var.2)","FOSL1::JUN(var.2)",1.22334714692348,1.21556123771571,1.23131188143373,0,0
"MA1130.1_FOSL2::JUN","FOSL2::JUN",3.61954411700168,3.56562062011916,3.67250133641844,0,0
"MA1131.1_FOSL2::JUN(var.2)","FOSL2::JUN(var.2)",1.3083071429008,1.29936570157019,1.31745228855995,0,0
"MA1132.1_JUN::JUNB","JUN::JUNB",3.13955478818669,3.0934194549086,3.18388010323761,0,0
"MA1133.1_JUN::JUNB(var.2)","JUN::JUNB(var.2)",1.21690964852484,1.20910909458796,1.22521547928329,0,0
"MA1134.1_FOS::JUNB","FOS::JUNB",3.602112622594,3.55055733211653,3.65175547520545,0,0
"MA1135.1_FOSB::JUNB","FOSB::JUNB",3.50898126257643,3.45774626461409,3.55922196419576,0,0
"MA1136.1_FOSB::JUNB(var.2)","FOSB::JUNB(var.2)",1.23225904597668,1.22407732763327,1.24100742860145,0,0
"MA1137.1_FOSL1::JUNB","FOSL1::JUNB",3.35699111934395,3.30832258786027,3.40482493402805,0,0
"MA1138.1_FOSL2::JUNB","FOSL2::JUNB",3.35058359161917,3.30228507129733,3.39753902365104,0,0
"MA1139.1_FOSL2::JUNB(var.2)","FOSL2::JUNB(var.2)",1.23572597730469,1.22700822511823,1.24441231566143,0,0
"MA1141.1_FOS::JUND","FOS::JUND",3.72091105483914,3.66525709784665,3.77246647778577,0,0
"MA1142.1_FOSL1::JUND","FOSL1::JUND",3.11061990825988,3.06559489864073,3.15383430517842,0,0
"MA1143.1_FOSL1::JUND(var.2)","FOSL1::JUND(var.2)",1.14633403967317,1.13920485000149,1.15375764689177,0,0
"MA1144.1_FOSL2::JUND","FOSL2::JUND",3.5079817272607,3.45595178770675,3.55698724613593,0,0
"MA1145.1_FOSL2::JUND(var.2)","FOSL2::JUND(var.2)",1.29885458198544,1.28992803205853,1.30815943496065,0,0
"MA1146.1_NR1H4::RXRA","NR1H4::RXRA",1.07946777464247,1.07338080139094,1.08544506533184,1.60747971349432e-178,2.25118287310156e-178
"MA1147.1_NR4A2::RXRA","NR4A2::RXRA",1.07675575554209,1.07087954855891,1.08317738434001,7.7297446935014e-167,1.06137275292546e-166
"MA1148.1_PPARA::RXRA","PPARA::RXRA",1.45544775230989,1.44690492281302,1.46374191485045,0,0
"MA1149.1_RARA::RXRG","RARA::RXRG",1.88251789004106,1.8712630587669,1.89387063517258,0,0
"MA1150.1_RORB","RORB",1.054466934761,1.04875509020246,1.06047835729002,1.02592999654779e-85,1.27837340121014e-85
"MA1151.1_RORC","RORC",1.03887794092454,1.03318905928406,1.04451887626406,6.31014029541917e-45,7.22299965099518e-45
"MA1152.1_SOX15","SOX15",2.15778149935856,2.13280068771302,2.18243372975841,0,0
"MA0831.2_TFE3","TFE3",1.06104564849105,1.05575262906009,1.06727340688517,6.95068921327481e-107,8.94265502439625e-107
"MA0693.2_VDR","VDR",1.06625385455566,1.06028620483918,1.07225746758589,2.69138935860071e-125,3.5345424564196e-125
"MA1418.1_IRF3","IRF3",1.17706467809532,1.16624085315655,1.18844046825335,0,0
"MA1419.1_IRF4","IRF4",1.08772709196956,1.08127931505818,1.09381108438768,1.70017481497492e-216,2.4912283747202e-216
"MA1420.1_IRF5","IRF5",1.05249764236365,1.04665782251471,1.05822228400838,7.81573344777961e-80,9.62521259230447e-80
"MA1421.1_TCF7L1","TCF7L1",1.26123252322285,1.25368075604028,1.26914112266111,0,0
"MA1463.1_ARGFX","ARGFX",1.64657112630476,1.63732951545281,1.65509907900553,0,0
"MA1464.1_ARNT2","ARNT2",1.08115384848813,1.07511403510157,1.0877113912363,5.58132179175754e-186,7.90375099369691e-186
"MA1466.1_ATF6","ATF6",1.10504803748406,1.09867180183695,1.11145272570804,8.95265359027581e-308,1.4132243697368e-307
"MA1467.1_ATOH1(var.2)","ATOH1(var.2)",2.50172292438846,2.48535436650605,2.51774210460617,0,0
"MA1468.1_ATOH7","ATOH7",2.76443555311876,2.74759103800818,2.78030036255692,0,0
"MA1101.2_BACH2","BACH2",3.12660294750362,3.08154734327472,3.16916260492905,0,0
"MA1470.1_BACH2(var.2)","BACH2(var.2)",1.08730541647701,1.08119156748061,1.09358082098653,1.80531607025027e-214,2.63309924531894e-214
"MA1471.1_BARX2","BARX2",1.05509681605181,1.04902946827391,1.06142581078065,1.21752666374849e-87,1.52612748149068e-87
"MA1472.1_BHLHA15(var.2)","BHLHA15(var.2)",2.28302519794232,2.26831113021173,2.29708005130239,0,0
"MA1473.1_CDX4","CDX4",1.24024832645592,1.23176936230922,1.24864391431773,0,0
"MA1474.1_CREB3L4","CREB3L4",1.07134262473144,1.064913043113,1.07750624906171,1.08573585835338e-144,1.45917366950677e-144
"MA1475.1_CREB3L4(var.2)","CREB3L4(var.2)",1.15157542891432,1.14397894997089,1.15907506159131,0,0
"MA1476.1_DLX5","DLX5",1.25415844272767,1.24720685644293,1.26136227066883,0,0
"MA1478.1_DMRTA2","DMRTA2",1.02125284500048,1.01565071111895,1.02680550564225,7.71115964799488e-15,8.20363707089203e-15
"MA1479.1_DMRTC2","DMRTC2",1.01295686679563,1.00727693437999,1.01867625071147,1.35516659079222e-06,1.41788504458096e-06
"MA1480.1_DPRX","DPRX",1.0760956310711,1.07023387409337,1.08218205710476,4.70476312172617e-164,6.44613648496248e-164
"MA1481.1_DRGX","DRGX",1.25199009480438,1.24508301326801,1.25890191982374,0,0
"MA1483.1_ELF2","ELF2",1.22612164225551,1.2122337205693,1.2403106898736,0,0
"MA1484.1_ETS2","ETS2",1.45987902454114,1.43079597573099,1.48998361573563,0,0
"MA1485.1_FERD3L","FERD3L",1.95403908447601,1.94286909072459,1.96559978369018,0,0
"MA1487.1_FOXE1","FOXE1",1.24356513104538,1.2356616809457,1.2511766379366,0,0
"MA1489.1_FOXN3","FOXN3",1.25201606661642,1.24475048692445,1.25899514567976,0,0
"MA1491.1_GLI3","GLI3",1.0068015698139,1.00161131550029,1.01224996503211,0.00682786748848937,0.00709694601020324
"MA1493.1_HES6","HES6",1.08464483198051,1.07908791183765,1.09016777268535,6.66724072479892e-202,9.591734951813e-202
"MA1494.1_HNF4A(var.2)","HNF4A(var.2)",1.47339323511724,1.46497766802404,1.48321872849775,0,0
"MA1495.1_HOXA1","HOXA1",1.18690452527228,1.17988586384372,1.19342103244496,0,0
"MA1496.1_HOXA4","HOXA4",1.26510179728965,1.25738204269679,1.27262956970653,0,0
"MA1497.1_HOXA6","HOXA6",1.18784678146089,1.18086092116135,1.19514586773008,0,0
"MA1498.1_HOXA7","HOXA7",1.22397660312072,1.21729268571599,1.23074092150496,0,0
"MA1499.1_HOXB4","HOXB4",1.1762667789799,1.16870973820245,1.182906199664,0,0
"MA1500.1_HOXB6","HOXB6",1.19317463913035,1.18617851920468,1.19989978488418,0,0
"MA1501.1_HOXB7","HOXB7",1.23154158767966,1.22426209162985,1.23852068089037,0,0
"MA1502.1_HOXB8","HOXB8",1.20852523866184,1.20192011279387,1.21514031448481,0,0
"MA1503.1_HOXB9","HOXB9",1.05794684740704,1.05161672848448,1.06422093297715,1.27181420016272e-96,1.61334346433467e-96
"MA1504.1_HOXC4","HOXC4",1.15150068955585,1.1443052883491,1.15785360942142,0,0
"MA1505.1_HOXC8","HOXC8",1.19903416247238,1.19279072923994,1.20584133189379,0,0
"MA1506.1_HOXD10","HOXD10",1.06828998843247,1.06238033107958,1.07419182503416,6.85729364164102e-133,9.0999305558884e-133
"MA1507.1_HOXD4","HOXD4",1.13689124576136,1.13035815188079,1.14384389661903,0,0
"MA1508.1_IKZF1","IKZF1",2.00612598611753,1.94204747424469,2.07341707548177,0,0
"MA1509.1_IRF6","IRF6",1.08335173213886,1.07770414039821,1.08926827321502,6.26689456184447e-196,8.97498700825238e-196
"MA1511.1_KLF10","KLF10",1.06285358379401,1.05637692579589,1.06927597522804,4.12826423484961e-113,5.34394940830226e-113
"MA1512.1_KLF11","KLF11",1.11098679072899,1.10433273977182,1.11748766356071,0,0
"MA1513.1_KLF15","KLF15",1.0244552252151,1.0173103230305,1.03156411953143,4.91925594327465e-19,5.31380377490248e-19
"MA1514.1_KLF17","KLF17",1.05678463514156,1.05106774310281,1.06247296255241,6.60378762835547e-93,8.31053194582309e-93
"MA1515.1_KLF2","KLF2",1.00016668404778,0.994004295333223,1.00655602312281,0.475162879711921,0.489070085947391
"MA1516.1_KLF3","KLF3",0.963775154531265,0.958630520409333,0.96937314780216,1,1
"MA1517.1_KLF6","KLF6",1.04255811447181,1.03651644672105,1.04846900550512,2.31886317852199e-53,2.698236014714e-53
"MA1518.1_LHX1","LHX1",1.16140261883464,1.15462366633901,1.16798608122263,0,0
"MA1519.1_LHX5","LHX5",1.18454110307225,1.17818570736781,1.19143213778831,0,0
"MA1520.1_MAF","MAF",2.30866900242722,2.29774738479255,2.31905530766564,0,0
"MA1521.1_MAFA","MAFA",2.36567232270152,2.35440801462514,2.37675124633616,0,0
"MA1522.1_MAZ","MAZ",1.53678400316367,1.52788440870142,1.54587135010198,0,0
"MA1523.1_MSANTD3","MSANTD3",1.11839815971417,1.11145945900024,1.12476614250772,0,0
"MA1524.1_MSGN1","MSGN1",1.53047607122023,1.52124240927376,1.53910166233248,0,0
"MA1525.1_NFATC4","NFATC4",1.17228039689884,1.16570578070691,1.17871388265693,0,0
"MA1527.1_NFIC(var.2)","NFIC(var.2)",1.13734694710777,1.13080498259498,1.14417335538888,0,0
"MA1528.1_NFIX(var.2)","NFIX(var.2)",1.12595865861418,1.11971031708551,1.13242149799304,0,0
"MA1529.1_NHLH2","NHLH2",1.19537761330959,1.18827664589384,1.20177667765422,0,0
"MA1530.1_NKX6-3","NKX6-3",1.09496549038567,1.08901420879847,1.10096308210044,9.86888876147508e-253,1.48384954537143e-252
"MA1531.1_NR1D1","NR1D1",1.04625001796743,1.04021074055715,1.05223229639706,1.44644561915287e-62,1.71782378409712e-62
"MA1532.1_NR1D2","NR1D2",1.04526007690612,1.03978450922739,1.05119084280117,5.02858732728872e-60,5.93861152644358e-60
"MA1533.1_NR1I2","NR1I2",1.05014096708965,1.04429544554842,1.05632558386531,4.523785121831e-73,5.45439234689338e-73
"MA1534.1_NR1I3","NR1I3",1.08690528110305,1.08070512749628,1.09293412080831,1.48066099775644e-212,2.14967525591704e-212
"MA1535.1_NR2C1","NR2C1",1.48556465901795,1.47694041461188,1.49438094822111,0,0
"MA1536.1_NR2C2(var.2)","NR2C2(var.2)",1.24911988376569,1.24176053270772,1.25669871985751,0,0
"MA1537.1_NR2F1(var.2)","NR2F1(var.2)",1.9172999716396,1.90569866703873,1.92784605385634,0,0
"MA1538.1_NR2F1(var.3)","NR2F1(var.3)",1.07867362345961,1.07239464646247,1.08455884869234,4.64909015519913e-175,6.46785509503528e-175
"MA1539.1_NR2F6(var.3)","NR2F6(var.3)",1.08122349692742,1.07513416953786,1.08735690800812,2.72498805129639e-186,3.86752788446326e-186
"MA1540.1_NR5A1","NR5A1",1.11184310238855,1.10558864966844,1.11801402387964,0,0
"MA1541.1_NR6A1","NR6A1",1.04367546483477,1.03785675184229,1.04921595039429,4.54856162719716e-56,5.33192501854778e-56
"MA1542.1_OSR1","OSR1",1.07342486226543,1.06689201051925,1.07893536605954,5.024344742618e-153,6.83959187543482e-153
"MA1544.1_OVOL1","OVOL1",1.04285398218014,1.03697055989125,1.04879893009114,4.51863495868296e-54,5.27729876170907e-54
"MA1545.1_OVOL2","OVOL2",1.04226390404291,1.03627032019502,1.04808020742491,1.16633422523926e-52,1.35465975151642e-52
"MA1546.1_PAX3(var.2)","PAX3(var.2)",1.05092947410071,1.04493769712124,1.05693229188693,2.6693932322908e-75,3.24947291546169e-75
"MA1547.1_PITX2","PITX2",1.11327273307633,1.10639958606966,1.12035133639125,0,0
"MA1548.1_PLAGL2","PLAGL2",1.02251642726659,1.01691809800387,1.02830876750721,1.99201393132625e-16,2.13357837314639e-16
"MA1549.1_POU6F1(var.2)","POU6F1(var.2)",1.21212448202589,1.20536567113798,1.21904461639356,0,0
"MA1550.1_PPARD","PPARD",1.80708172539163,1.7971770997517,1.81689373998886,0,0
"MA1552.1_RARB(var.3)","RARB(var.3)",1.07168860904805,1.0655946163297,1.07769567234785,4.64368459302724e-146,6.26748901361672e-146
"MA1553.1_RARG(var.3)","RARG(var.3)",1.06958306647576,1.06373092617283,1.07569113997147,7.91350528362821e-138,1.05457870411298e-137
"MA1554.1_RFX7","RFX7",1.30174436732027,1.29463034375902,1.30868349551435,0,0
"MA1555.1_RXRB(var.2)","RXRB(var.2)",1.08858324046037,1.08247156675946,1.09455925708516,1.22484630328766e-220,1.80308769763043e-220
"MA1556.1_RXRG(var.2)","RXRG(var.2)",1.07508894787027,1.06879900588895,1.08132213707153,7.48283282180124e-160,1.02082611556038e-159
"MA1557.1_SMAD5","SMAD5",1.03885985598947,1.03317489708993,1.04475722475215,6.91287775572478e-45,7.89864913244366e-45
"MA1558.1_SNAI1","SNAI1",1.42293263702377,1.41085784252498,1.43697147875774,0,0
"MA1559.1_SNAI3","SNAI3",1.4476531368166,1.43464202827704,1.46242972127297,0,0
"MA1560.1_SOHLH2","SOHLH2",1.06183999720684,1.05596256446911,1.068153871443,1.34296727714236e-109,1.73489446210432e-109
"MA1561.1_SOX12","SOX12",1.33745983617649,1.32633212194364,1.34846878257645,0,0
"MA1562.1_SOX14","SOX14",1.85419340139417,1.83095290064831,1.87732267956462,0,0
"MA1563.1_SOX18","SOX18",1.65636473491952,1.64126811886605,1.6707171754135,0,0
"MA1564.1_SP9","SP9",1.22532693272526,1.21800938886741,1.23371709045709,0,0
"MA1565.1_TBX18","TBX18",1.02805799572309,1.02230567273542,1.03384184980854,1.97945076791746e-24,2.16406275663515e-24
"MA1566.1_TBX3","TBX3",1.0668046310284,1.06081874289591,1.07273085186129,2.49890476749818e-127,3.29543066213822e-127
"MA1567.1_TBX6","TBX6",1.04397769851653,1.03780932039166,1.04996665258034,8.20039397913972e-57,9.63051834655927e-57
"MA1568.1_TCF21(var.2)","TCF21(var.2)",2.35362287562914,2.34078398735541,2.367592883339,0,0
"MA1569.1_TFAP2E","TFAP2E",1.00150334216522,0.99514602314671,1.00813026389365,0.292185855209604,0.301227437048338
"MA1570.1_TFAP4(var.2)","TFAP4(var.2)",1.84663508307645,1.83540306704641,1.85716552217907,0,0
"MA1571.1_TGIF2LX","TGIF2LX",1.46425107073345,1.45602876196193,1.4724170775449,0,0
"MA1572.1_TGIF2LY","TGIF2LY",1.45750995466788,1.44946206833832,1.46529681012708,0,0
"MA1573.1_THAP11","THAP11",1.02689533426761,1.02075734101205,1.03231222277355,1.30575477491023e-22,1.41774060466239e-22
"MA1574.1_THRB","THRB",1.76960788032647,1.75949375018993,1.77972075937535,0,0
"MA1575.1_THRB(var.2)","THRB(var.2)",1.04600772852441,1.0404939500423,1.05209526322775,6.12612640654003e-62,7.26186894258396e-62
"MA1576.1_THRB(var.3)","THRB(var.3)",1.09559057404665,1.08891776439966,1.10169166056956,5.44669293510779e-256,8.20894435219818e-256
"MA1577.1_TLX2","TLX2",1.43445769546088,1.42670062540712,1.44258779568804,0,0
"MA1578.1_VEZF1","VEZF1",1.34670277184356,1.338499669132,1.35415354456474,0,0
"MA1579.1_ZBTB26","ZBTB26",1.00656246743235,1.00083055562925,1.01227859842015,0.00866440199906166,0.0089910925662394
"MA1580.1_ZBTB32","ZBTB32",1.84495982804589,1.83498349656254,1.85432591343748,0,0
"MA1581.1_ZBTB6","ZBTB6",0.992423327947539,0.987007469349972,0.997958538845677,0.997019727764167,1
"MA1583.1_ZFP57","ZFP57",1.01662513965291,1.0107154963988,1.0226404443028,8.95196449084041e-10,9.44432253783663e-10
"MA1584.1_ZIC5","ZIC5",0.954212827430688,0.949002995637121,0.959489803564557,1,1
"MA1585.1_ZKSCAN1","ZKSCAN1",1.06093220510406,1.05501574612164,1.06666159224847,1.68595409718781e-106,2.1647240233669e-106
"MA1587.1_ZNF135","ZNF135",1.14603336994409,1.13971335342671,1.15234669484689,0,0
"MA1588.1_ZNF136","ZNF136",1.05438599849788,1.04796982945243,1.0601264138277,1.80715374322712e-85,2.24740337811939e-85
"MA1589.1_ZNF140","ZNF140",1.02409691362351,1.0183579264718,1.0299278035579,1.54661248201097e-18,1.66497568216487e-18
"MA1592.1_ZNF274","ZNF274",1.01042070552617,1.00476746212698,1.01589512024511,7.99296612017889e-05,8.32162426656783e-05
"MA1593.1_ZNF317","ZNF317",1.16490915083314,1.15783335206708,1.17177974729585,0,0
"MA1594.1_ZNF382","ZNF382",1.02164698467536,1.01615163751295,1.02730759045214,2.51930960845682e-15,2.68471882517368e-15
"MA1596.1_ZNF460","ZNF460",0.838600395655273,0.834072881572613,0.843338363631053,1,1
"MA1597.1_ZNF528","ZNF528",1.01595843558709,1.00986912031369,1.0218247355219,3.84256439240325e-09,4.04716016704036e-09
"MA1599.1_ZNF682","ZNF682",1.09266773240075,1.08658961897203,1.09879832400462,6.23785484440367e-241,9.26892515612095e-241
"MA1600.1_ZNF684","ZNF684",1.05060654660009,1.04477579752289,1.05641344682492,2.20496516460464e-74,2.67383706742287e-74
"MA1601.1_ZNF75D","ZNF75D",1.16731183372809,1.16078572882039,1.17391509663194,0,0
"MA1602.1_ZSCAN29","ZSCAN29",1.06661768709915,1.06025190021979,1.0727516556976,1.22842413770244e-126,1.61661638080176e-126
"MA1100.2_ASCL1","ASCL1",1.50896992307319,1.50042058228507,1.5176967574402,0,0
"MA0605.2_ATF3","ATF3",1.25194611549512,1.24370802469288,1.26084753169764,0,0
"MA0877.2_BARHL1","BARHL1",1.0348889418138,1.02948878455784,1.04014932110858,1.27317392947946e-36,1.42893456978812e-36
"MA0462.2_BATF::JUN","BATF::JUN",3.25480813618864,3.20786119085256,3.29909713652517,0,0
"MA0463.2_BCL6","BCL6",1.02797264386674,1.02223699267034,1.03339371051648,2.70791382718434e-24,2.95536112518567e-24
"MA0878.2_CDX1","CDX1",1.24593141231399,1.23707866237868,1.25485707798925,0,0
"MA0864.2_E2F2","E2F2",1.07913008901388,1.07289853549045,1.08493462184778,4.80838989263851e-177,6.71900839302467e-177
"MA0469.3_E2F3","E2F3",1.06156587484812,1.05581615942242,1.0670194487947,1.17075428860524e-108,1.50934310526908e-108
"MA0470.2_E2F4","E2F4",1.0935926849611,1.08713850415768,1.09989313927542,1.19662711736389e-245,1.78227050656786e-245
"MA0612.2_EMX1","EMX1",1.22437567586554,1.21804651162786,1.23130671258526,0,0
"MA0847.2_FOXD2","FOXD2",1.21023391699867,1.20290641933711,1.21738714577881,0,0
"MA0766.2_GATA5","GATA5",2.52774062740108,2.51281981566218,2.54128729922984,0,0
"MA0038.2_GFI1","GFI1",1.0525924990113,1.0466908937965,1.05843471515001,4.11594782778734e-80,5.07874264130485e-80
"MA0734.2_GLI2","GLI2",1.00530346699458,0.999528954302855,1.01116400316407,0.0271851034965867,0.0281179256753911
"MA0893.2_GSX2","GSX2",1.31692382481321,1.30994813185941,1.32443272206737,0,0
"MA1099.2_HES1","HES1",1.02230565074173,1.01646686211119,1.02820227922312,3.71766007175898e-16,3.9751331510531e-16
"MA0616.2_HES2","HES2",1.07722470024531,1.07113022432655,1.08292554115339,7.87246063392991e-169,1.08567921160733e-168
"MA0650.2_HOXA13","HOXA13",1.12191939310759,1.1152250018797,1.12853319124489,0,0
"MA0900.2_HOXA2","HOXA2",1.22437567586554,1.21804651162786,1.23130671258526,0,0
"MA0158.2_HOXA5","HOXA5",1.18690452527228,1.17988586384372,1.19342103244496,0,0
"MA0594.2_HOXA9","HOXA9",1.03522800679824,1.02926388980934,1.04088777832775,2.70968515729532e-37,3.05201192983619e-37
"MA0902.2_HOXB2","HOXB2",1.22437567586554,1.21804651162786,1.23130671258526,0,0
"MA0904.2_HOXB5","HOXB5",1.18690452527228,1.17988586384372,1.19342103244496,0,0
"MA0485.2_HOXC9","HOXC9",1.06716330290148,1.06053367219762,1.0732927811315,1.16305844679103e-128,1.5369853795798e-128
"MA0909.2_HOXD13","HOXD13",1.07979503678376,1.0739409869955,1.08572807335381,5.8894948926879e-180,8.26618684494776e-180
"MA0912.2_HOXD3","HOXD3",1.22437567586554,1.21804651162786,1.23130671258526,0,0
"MA0910.2_HOXD8","HOXD8",1.20852523866184,1.20192011279387,1.21514031448481,0,0
"MA0913.2_HOXD9","HOXD9",1.16328843823257,1.15611973427211,1.1701795305361,0,0
"MA1140.2_JUNB(var.2)","JUNB(var.2)",1.21089650593437,1.20328202025783,1.2192422487098,0,0
"MA0701.2_LHX9","LHX9",1.43445769546088,1.42670062540712,1.44258779568804,0,0
"MA0702.2_LMX1A","LMX1A",1.57111999748273,1.56265966801016,1.58006587209578,0,0
"MA0703.2_LMX1B","LMX1B",1.66096796709118,1.65165011915532,1.67070249221628,0,0
"MA0623.2_NEUROG1","NEUROG1",2.14668273193414,2.13484276529846,2.15886643745594,0,0
"MA0842.2_NRL","NRL",2.17941834748452,2.16946170347893,2.18905360761177,0,0
"MA0682.2_PITX1","PITX1",1.11440621539836,1.10757670399592,1.1213204819626,0,0
"MA0075.3_PRRX2","PRRX2",1.43445769546088,1.42670062540712,1.44258779568804,0,0
"MA0867.2_SOX4","SOX4",3.08631339923719,3.06211978665924,3.1084636106261,0,0
"MA0868.2_SOX8","SOX8",2.513962263724,2.47369689619653,2.55327930445698,0,0
"MA0079.4_SP1","SP1",1.16814380886083,1.16058138734871,1.17543568791467,0,0
"MA0516.2_SP2","SP2",1.46066663560392,1.45185280795513,1.46927068597474,0,0
"MA0746.2_SP3","SP3",1.13550621174351,1.12826482282843,1.14250796087632,0,0
"MA0632.2_TCFL5","TCFL5",0.967447750045418,0.961475334296415,0.972900205569781,1,1
"MA0871.2_TFEC","TFEC",1.09844674905157,1.09230496213916,1.10478377120333,3.88018306659599e-271,5.90422086816168e-271
"MA0753.2_ZNF740","ZNF740",1.5780986667083,1.5685879263834,1.5879459352499,0,0
"MA1631.1_ASCL1(var.2)","ASCL1(var.2)",1.41265444025566,1.39986288044907,1.42504572824845,0,0
"MA1632.1_ATF2","ATF2",1.37424420888789,1.36530475866819,1.38322362815825,0,0
"MA1633.1_BACH1","BACH1",2.63734387125853,2.61035900637759,2.66494047944821,0,0
"MA1634.1_BATF","BATF",3.23354126235794,3.18793062431425,3.27791973520166,0,0
"MA1635.1_BHLHE22(var.2)","BHLHE22(var.2)",1.21435271051205,1.20736788444221,1.22106748563081,0,0
"MA1636.1_CEBPG(var.2)","CEBPG(var.2)",1.19263171449711,1.18569665527975,1.19889377904603,0,0
"MA1637.1_EBF3","EBF3",1.25921650002635,1.24987374082768,1.26904796491287,0,0
"MA1638.1_HAND2","HAND2",3.46723296108845,3.44415936065535,3.49271989725048,0,0
"MA1639.1_MEIS1(var.2)","MEIS1(var.2)",1.9451863055416,1.93318766152798,1.95711421350903,0,0
"MA1640.1_MEIS2(var.2)","MEIS2(var.2)",1.42157598633266,1.41320320608825,1.43093130764557,0,0
"MA1641.1_MYF5","MYF5",1.80156845728234,1.79067721582753,1.81211636157442,0,0
"MA1642.1_NEUROG2(var.2)","NEUROG2(var.2)",4.20621305999063,4.17782063267101,4.23645384956997,0,0
"MA1643.1_NFIB","NFIB",1.17162617116419,1.16539681134576,1.17870438573704,0,0
"MA1644.1_NFYC","NFYC",1.23788221399718,1.23038642880141,1.24537105619986,0,0
"MA1645.1_NKX2-2","NKX2-2",1.11717346737607,1.11091670916823,1.12350714268874,0,0
"MA1646.1_OSR2","OSR2",1.01148370478742,1.00608040658185,1.01696464018506,1.59527259850528e-05,1.66634910041888e-05
"MA1647.1_PRDM4","PRDM4",1.10323275163887,1.09503241839785,1.11172213490791,1.78980571652946e-297,2.79050989793879e-297
"MA1648.1_TCF12(var.2)","TCF12(var.2)",1.30539724536053,1.29325524909245,1.31721551782212,0,0
"MA1649.1_ZBTB12","ZBTB12",1.04175965379211,1.03618739339909,1.04758768942322,1.81223266138515e-51,2.09715406701426e-51
"MA1650.1_ZBTB14","ZBTB14",0.843658203019212,0.838727288676411,0.84856868559212,1,1
"MA1651.1_ZFP42","ZFP42",1.04448133888271,1.03858383316473,1.05027634860418,4.60149798150413e-58,5.42411214579537e-58
"MA1652.1_ZKSCAN5","ZKSCAN5",1.05738705131988,1.04794769068626,1.06723076095591,7.99997585986333e-95,1.0087618962736e-94
"MA1653.1_ZNF148","ZNF148",1.60095353192472,1.5911531282413,1.61064720682332,0,0
"MA1654.1_ZNF16","ZNF16",0.985295629040841,0.979769406961505,0.990533040375035,0.999999954815011,1
"MA1655.1_ZNF341","ZNF341",1.11826482322329,1.1122201629353,1.1246605318862,0,0
"MA1656.1_ZNF449","ZNF449",1.01455703827506,1.00891334482157,1.01998919918019,6.84206440855253e-08,7.1705741235327e-08
"MA1657.1_ZNF652","ZNF652",1.18888638048776,1.18193820218352,1.19626293822386,0,0
"MA1683.1_FOXA3","FOXA3",1.31495585762812,1.30667166385853,1.32279231496962,0,0
"MA0833.2_ATF4","ATF4",1.22574864832812,1.21839015405187,1.23221437025531,0,0
"MA0835.2_BATF3","BATF3",3.08473419508566,3.04050982541726,3.12804962225879,0,0
"MA0465.2_CDX2","CDX2",1.17200813403542,1.16478079026607,1.17885535556311,0,0
"MA0102.4_CEBPA","CEBPA",1.08534352380192,1.07937781503527,1.09172420491568,3.62907106203056e-205,5.23280633773427e-205
"MA0836.2_CEBPD","CEBPD",1.07678167913579,1.07117615988438,1.08250292456456,6.00271984040816e-167,8.26026447603992e-167
"MA0018.4_CREB1","CREB1",1.29970660221739,1.29164242253966,1.30816635503463,0,0
"MA1102.2_CTCFL","CTCFL",1.25612458054742,1.24827901188476,1.26302074753834,0,0
"MA0471.2_E2F6","E2F6",1.21343787676449,1.20499411780374,1.22143325717891,0,0
"MA0154.4_EBF1","EBF1",1.23239727358246,1.22370203283488,1.24078464146847,0,0
"MA0162.4_EGR1","EGR1",1.10105038414728,1.09501444236803,1.10699140172726,2.56917070149289e-285,3.95689794171533e-285
"MA0598.3_EHF","EHF",2.24180319980668,2.17590207780879,2.30583328153604,0,0
"MA0473.3_ELF1","ELF1",2.23129438292602,2.17324585004027,2.29182766609344,0,0
"MA0640.2_ELF3","ELF3",2.21370991041654,2.15711960977088,2.27177852709559,0,0
"MA0592.3_ESRRA","ESRRA",1.19815192481478,1.19144080362868,1.20466726660407,0,0
"MA0761.2_ETV1","ETV1",2.53192118569489,2.46363217453942,2.6048744083056,0,0
"MA0764.2_ETV4","ETV4",2.16781175975138,2.10287336485309,2.23690765398516,0,0
"MA0765.2_ETV5","ETV5",1.46623553699764,1.43511121596464,1.49901456761195,0,0
"MA0477.2_FOSL1","FOSL1",3.46788697469798,3.41787722189062,3.51534984980236,0,0
"MA0148.4_FOXA1","FOXA1",1.20523879969944,1.19804457335592,1.21274604072826,0,0
"MA0047.3_FOXA2","FOXA2",1.29722461066099,1.28885956819052,1.30513516454203,0,0
"MA1103.2_FOXK2","FOXK2",1.31205300210633,1.30420015456148,1.31953626338591,0,0
"MA0481.3_FOXP1","FOXP1",1.291625302694,1.28351583704578,1.29920811646102,0,0
"MA0062.3_GABPA","GABPA",2.46497070963814,2.40011327209711,2.53261433485187,0,0
"MA0035.4_GATA1","GATA1",1.57992471465398,1.57094976329667,1.58928417211258,0,0
"MA0482.2_GATA4","GATA4",2.78035939490537,2.76413499609317,2.79499149206912,0,0
"MA1104.2_GATA6","GATA6",2.43598910819784,2.42116146374003,2.4494257454935,0,0
"MA1105.2_GRHL2","GRHL2",1.47832755045447,1.46943195444596,1.48747621316221,0,0
"MA0043.3_HLF","HLF",1.1277713185454,1.12122820394388,1.13405590222911,0,0
"MA0114.4_HNF4A","HNF4A",1.4274108570657,1.41807355344609,1.4360603848067,0,0
"MA0484.2_HNF4G","HNF4G",1.433149821911,1.42378233622328,1.44213138218438,0,0
"MA0901.2_HOXB13","HOXB13",1.05806119047651,1.05217361620183,1.06386319112598,5.43188839609529e-97,6.91828039180748e-97
"MA0490.2_JUNB","JUNB",3.22868944911196,3.18349210112184,3.27343350139384,0,0
"MA0491.2_JUND","JUND",3.26429866239119,3.21802203788785,3.31079801930896,0,0
"MA0039.4_KLF4","KLF4",1.2417275106107,1.23355425880367,1.24924024440234,0,0
"MA1107.2_KLF9","KLF9",1.00563317531419,0.999704533058046,1.01114984574959,0.020513650809254,0.0212522765339734
"MA0700.2_LHX2","LHX2",1.13034998168911,1.123689459658,1.13646345231246,0,0
"MA0495.3_MAFF","MAFF",1.88154887743645,1.87284477640503,1.89040247095482,0,0
"MA0659.2_MAFG","MAFG",2.2168203263344,2.20652128747357,2.22727447317692,0,0
"MA0496.3_MAFK","MAFK",2.32439623644281,2.30739558700721,2.34103919455375,0,0
"MA0052.4_MEF2A","MEF2A",1.19863258729217,1.18984990656713,1.20754650041585,0,0
"MA0620.3_MITF","MITF",1.08858755164668,1.08223654862417,1.09470101168919,1.16714443059655e-220,1.72215017381729e-220
"MA1108.2_MXI1","MXI1",1.35024672923093,1.34285819167475,1.35821673975941,0,0
"MA0499.2_MYOD1","MYOD1",1.60021659163486,1.59011202735241,1.61066180335481,0,0
"MA0500.2_MYOG","MYOG",1.45379543959949,1.44559303022422,1.46252889635634,0,0
"MA0056.2_MZF1","MZF1",1.0388400323249,1.0330120536721,1.04493179166306,7.63954178974514e-45,8.71320712235797e-45
"MA0089.2_NFE2L1","NFE2L1",2.1468440534885,2.12616444477642,2.16797867892882,0,0
"MA0025.2_NFIL3","NFIL3",1.10300934739104,1.09667651167398,1.10886635097889,3.22609663710903e-296,5.01749182135139e-296
"MA0502.2_NFYB","NFYB",1.11818495616469,1.11183963583434,1.12468008829773,0,0
"MA0063.2_NKX2-5","NKX2-5",1.07161333701413,1.06626620949323,1.07784437717585,9.23027692805774e-146,1.24314155222565e-145
"MA1112.2_NR4A1","NR4A1",1.39245821319079,1.38384890987779,1.4013708860598,0,0
"MA0679.2_ONECUT1","ONECUT1",2.45099546333866,2.43844304694111,2.46328916294691,0,0
"MA0712.2_OTX2","OTX2",1.10909535070212,1.10236466581702,1.11585676227037,0,0
"MA1113.2_PBX2","PBX2",1.40507890653654,1.39667194434164,1.41410885887917,0,0
"MA0681.2_PHOX2B","PHOX2B",1.13252038074916,1.12653063002218,1.13925664991278,0,0
"MA0782.2_PKNOX1","PKNOX1",1.11582928764823,1.10991689715824,1.12216671440698,0,0
"MA0627.2_POU2F3","POU2F3",1.03171334161167,1.02531581263148,1.03775666458385,1.23544683047936e-30,1.37199621700603e-30
"MA0508.3_PRDM1","PRDM1",1.16496895959715,1.15840848943329,1.17144038177109,0,0
"MA0509.2_RFX1","RFX1",2.63243116672527,2.61649116884735,2.64693338988359,0,0
"MA0798.2_RFX3","RFX3",2.39590459887822,2.38266990179672,2.40981861003779,0,0
"MA0684.2_RUNX3","RUNX3",1.01573973700427,1.00974396177552,1.02137744080626,6.12152842196497e-09,6.43675662974058e-09
"MA0743.2_SCRT1","SCRT1",1.15292442552083,1.14616103068137,1.15983885168143,0,0
"MA0744.2_SCRT2","SCRT2",1.16122502952075,1.15446302252886,1.16760453879451,0,0
"MA0745.2_SNAI2","SNAI2",1.42533490083959,1.41145524036245,1.44062617227549,0,0
"MA0143.4_SOX2","SOX2",1.93570724849412,1.90912408141412,1.96182472677802,0,0
"MA0080.5_SPI1","SPI1",1.44555739884106,1.41301325582434,1.48043893493033,0,0
"MA0081.2_SPIB","SPIB",1.55862935455299,1.52171968229749,1.59752465535253,0,0
"MA0829.2_SREBF1(var.2)","SREBF1(var.2)",1.12431143559317,1.11796630878603,1.13090726955152,0,0
"MA0522.3_TCF3","TCF3",1.35452472822306,1.34226425610814,1.36657376566765,0,0
"MA0830.2_TCF4","TCF4",1.41692217837336,1.40281856606483,1.43049868348784,0,0
"MA0769.2_TCF7","TCF7",1.21561915615351,1.206703304602,1.22424417219984,0,0
"MA0090.3_TEAD1","TEAD1",3.25178732019388,3.2191161103984,3.28157783543368,0,0
"MA0809.2_TEAD4","TEAD4",3.65057229757156,3.61026077551471,3.68752758218161,0,0
"MA0003.4_TFAP2A","TFAP2A",1.07083737050835,1.062253168022,1.07844827842557,1.05498411941962e-142,1.41484099066233e-142
"MA0814.2_TFAP2C(var.2)","TFAP2C(var.2)",0.974724383223697,0.968463623038764,0.981564848989307,1,1
"MA1123.2_TWIST1","TWIST1",2.26824722017966,2.254612268202,2.28139850775015,0,0
"MA0093.3_USF1","USF1",1.14871524958297,1.14233984095658,1.15525611957375,0,0
"MA0526.3_USF2","USF2",1.15670974877592,1.15042509819159,1.16397533377197,0,0
"MA0748.2_YY2","YY2",1.08588783429777,1.07996141145225,1.09208342135738,9.97775983863178e-208,1.44199131914473e-207
"MA0528.2_ZNF263","ZNF263",1.147017319857,1.14037358609262,1.15366483397467,0,0
"MA0609.2_CREM","CREM",1.17383069930674,1.16658141437551,1.18113995294813,0,0
